Period,death,hospitalizedCurrently,positiveCasesViral,positiveIncrease,totalTestsPeopleViralIncrease,deathIncrease,positiveCasesIncrease,State
1.0,739.3846153846154,1658.3846153846155,27443.30769230769,946.1538461538462,0.0,28.75,952.0833333333334,TX
2.0,1057.8333333333333,1682.5,38274.166666666664,1104.3333333333333,0.0,30.833333333333332,1104.3333333333333,TX
3.0,1307.5,1658.3333333333333,644338.0,1251.5,0.0,35.166666666666664,23895.0,TX
4.0,1499.1666666666667,1593.8333333333333,772110.1666666666,872.8333333333334,0.0,19.5,16717.5,TX
5.0,1650.1666666666667,1726.3333333333333,933855.0,1441.1666666666667,0.0,22.666666666666668,21758.333333333332,TX
6.0,1814.5,1890.3333333333333,1093587.5,1497.0,0.0,19.833333333333332,23431.166666666668,TX
7.0,1967.3333333333333,2257.8333333333335,1275463.6666666667,2241.5,0.0,24.0,31225.833333333332,TX
8.0,2167.3333333333335,3425.6666666666665,1494588.6666666667,4005.8333333333335,0.0,26.333333333333332,37942.0,TX
9.0,2367.6666666666665,5551.166666666667,1757198.3333333333,5677.5,0.0,29.166666666666668,39837.333333333336,TX
10.0,2619.1666666666665,8181.5,2096665.1666666667,7087.166666666667,0.0,39.0,49889.833333333336,TX
11.0,3132.0,10193.0,2460697.3333333335,9082.333333333334,0.0,84.83333333333333,56662.0,TX
12.0,3881.6666666666665,10626.0,2878392.1666666665,9895.666666666666,0.0,119.83333333333333,66895.83333333333,TX
13.0,11662.846153846154,4917.384615384615,4733377.846153846,4825.923076923077,0.0,175.84615384615384,35454.46153846154,TX
14.0,13631.0,3674.153846153846,5302863.615384615,3547.076923076923,0.0,117.6923076923077,13822.538461538461,TX
15.0,15056.384615384615,3189.076923076923,5710378.615384615,5461.307692307692,0.0,91.53846153846153,71093.30769230769,TX
16.0,16171.307692307691,3434.4615384615386,6606933.0,3987.846153846154,0.0,73.38461538461539,57736.0,TX
17.0,17144.23076923077,4639.0,7440069.230769231,5127.692307692308,0.0,68.61538461538461,61317.46153846154,TX
18.0,18263.0,5854.153846153846,8359470.846153846,6819.384615384615,0.0,90.3076923076923,74346.30769230769,TX
1.0,2238.6153846153848,4768.384615384615,58447.71428571428,2373.3846153846152,0.0,95.83333333333333,2601.1666666666665,IL
2.0,3361.1666666666665,4598.166666666667,76747.83333333333,2464.8333333333335,0.0,104.5,2464.8333333333335,IL
3.0,4150.833333333333,4243.0,566079.8333333334,2222.0,24998.833333333332,97.83333333333333,24998.833333333332,IL
4.0,4795.833333333333,3834.1666666666665,732613.1666666666,2129.5,-107118.83333333333,66.33333333333333,24013.5,IL
5.0,5352.166666666667,3388.8333333333335,885011.5,1423.6666666666667,155784.0,73.66666666666667,21788.5,IL
6.0,5932.833333333333,2712.6666666666665,1030973.0,1017.6666666666666,20001.166666666668,95.83333333333333,20001.166666666668,IL
7.0,6474.833333333333,2084.1666666666665,1177885.1666666667,656.5,-183333.66666666666,51.0,21389.833333333332,IL
8.0,6817.0,1719.6666666666667,1345183.3333333333,629.8333333333334,0.0,40.833333333333336,23530.333333333332,IL
9.0,7075.333333333333,1530.5,1532084.5,783.0,0.0,25.0,29020.666666666668,IL
10.0,7227.666666666667,1408.6666666666667,1742633.8333333333,751.3333333333334,0.0,20.166666666666668,28963.166666666668,IL
11.0,7374.0,1410.1666666666667,1962000.5,1014.0,0.0,18.333333333333332,33144.0,IL
12.0,7483.166666666667,1409.5,2222296.3333333335,1175.5,0.0,15.0,38208.833333333336,IL
13.0,8135.153846153846,1527.3846153846155,3783408.153846154,1984.5384615384614,0.0,18.615384615384617,48068.38461538462,IL
14.0,8429.0,1542.2307692307693,4479866.692307692,2047.8461538461538,0.0,21.0,52667.230769230766,IL
15.0,8731.0,1528.3076923076924,5198110.461538462,1986.3846153846155,0.0,22.615384615384617,54601.92307692308,IL
16.0,9093.923076923076,1684.4615384615386,5994001.384615385,2418.4615384615386,0.0,27.846153846153847,60691.153846153844,IL
17.0,9564.23076923077,2270.923076923077,6898431.461538462,4301.307692307692,0.0,40.0,70381.69230769231,IL
18.0,10209.384615384615,3628.769230769231,7966250.692307692,8527.846153846154,0.0,55.76923076923077,83136.46153846153,IL
1.0,224.30769230769232,317.9230769230769,51121.769230769234,157.92307692307693,0.0,6.333333333333333,1997.5833333333333,KY
2.0,299.0,374.5,87370.5,142.5,0.0,6.0,7164.666666666667,KY
3.0,336.6666666666667,392.0,128693.83333333333,202.66666666666666,0.0,7.5,8299.833333333334,KY
4.0,387.6666666666667,479.6666666666667,167576.33333333334,83.66666666666667,0.0,4.166666666666667,2656.0,KY
5.0,423.1666666666667,487.1666666666667,211265.83333333334,184.66666666666666,0.0,7.0,7518.0,KY
6.0,468.8333333333333,504.0,247992.16666666666,216.33333333333334,0.0,4.5,4575.0,KY
7.0,500.1666666666667,437.6666666666667,290055.3333333333,157.66666666666666,0.0,4.666666666666667,3432.1666666666665,KY
8.0,525.8333333333334,362.0,317166.3333333333,191.0,0.0,3.1666666666666665,5228.166666666667,KY
9.0,555.8333333333334,387.6666666666667,355382.6666666667,210.16666666666666,0.0,4.5,5854.0,KY
10.0,588.5,441.5,396551.8333333333,279.5,0.0,5.0,5447.166666666667,KY
11.0,623.8333333333334,415.8333333333333,437513.8333333333,384.0,0.0,4.5,6579.666666666667,KY
12.0,665.0,494.8333333333333,488420.5,563.8333333333334,0.0,4.833333333333333,8217.0,KY
13.0,892.3846153846154,587.6923076923077,772765.4615384615,622.8461538461538,0.0,7.923076923076923,7171.615384615385,KY
14.0,1014.2307692307693,551.0769230769231,882261.5384615385,622.8461538461538,0.0,9.0,12657.692307692309,KY
15.0,1123.7692307692307,522.1538461538462,1142471.7692307692,687.6153846153846,0.0,6.769230769230769,22526.076923076922,KY
16.0,1220.2307692307693,617.3846153846154,1471666.1538461538,1005.6923076923077,0.0,6.538461538461538,15551.384615384615,KY
17.0,1348.3846153846155,768.3846153846154,1711205.6923076923,1244.2307692307693,0.0,10.846153846153847,16835.846153846152,KY
18.0,1510.923076923077,1044.8461538461538,1965217.6923076923,1763.8461538461538,0.0,11.384615384615385,20357.46153846154,KY
1.0,18.0,25.23076923076923,27781.53846153846,45.30769230769231,1556.923076923077,0.16666666666666666,1820.1666666666667,ND
2.0,24.0,33.833333333333336,48846.333333333336,41.0,1490.8333333333333,0.5,1946.0,ND
3.0,35.0,33.333333333333336,63281.0,57.833333333333336,1414.1666666666667,1.3333333333333333,2285.0,ND
4.0,39.0,39.666666666666664,79115.83333333333,58.5,1290.6666666666667,0.5,2140.1666666666665,ND
5.0,49.333333333333336,35.0,93175.16666666667,34.5,1001.3333333333334,1.6666666666666667,2328.3333333333335,ND
6.0,60.333333333333336,30.0,111596.83333333333,37.0,1048.6666666666667,1.8333333333333333,2594.8333333333335,ND
7.0,67.5,32.333333333333336,130095.83333333333,30.5,1160.3333333333333,0.3333333333333333,2665.6666666666665,ND
8.0,71.33333333333333,28.333333333333332,152817.66666666666,25.833333333333332,1310.3333333333333,0.5,3071.5,ND
9.0,77.0,24.166666666666668,174871.0,36.0,1237.0,0.6666666666666666,3306.6666666666665,ND
10.0,78.5,21.5,197866.0,47.166666666666664,1166.3333333333333,0.5,3286.1666666666665,ND
11.0,78.0,36.166666666666664,225825.5,86.33333333333333,1521.6666666666667,0.0,4554.0,ND
12.0,82.33333333333333,41.666666666666664,254727.83333333334,107.16666666666667,1775.1666666666667,0.5,4687.5,ND
13.0,114.76923076923077,56.84615384615385,441094.8461538461,233.46153846153845,1663.4615384615386,0.6923076923076923,5334.153846153846,ND
14.0,128.30769230769232,62.15384615384615,511840.92307692306,294.38461538461536,1451.7692307692307,0.9230769230769231,5567.538461538462,ND
15.0,151.76923076923077,86.0,591589.9230769231,378.38461538461536,1391.6923076923076,3.230769230769231,6026.461538461538,ND
16.0,213.15384615384616,149.92307692307693,675591.9230769231,487.38461538461536,1576.1538461538462,4.6923076923076925,6668.538461538462,ND
17.0,318.9230769230769,234.92307692307693,776742.9230769231,768.9230769230769,1748.6923076923076,7.0,7654.076923076923,ND
18.0,436.0769230769231,332.2307692307692,893543.0,1256.0,1907.8461538461538,10.076923076923077,9101.461538461539,ND
1.0,9.0,19.615384615384617,18127.0,2.769230769230769,0.0,0.0,877.5833333333334,AK
2.0,10.0,10.166666666666666,27044.666666666668,1.8333333333333333,0.0,0.0,1051.0,AK
3.0,10.0,11.333333333333334,34017.166666666664,2.8333333333333335,0.0,0.0,955.1666666666666,AK
4.0,10.0,12.666666666666666,42714.166666666664,1.5,0.0,0.0,1319.8333333333333,AK
5.0,10.0,12.0,51865.333333333336,12.666666666666666,0.0,0.0,1640.0,AK
6.0,10.166666666666666,9.0,63782.333333333336,11.666666666666666,0.0,0.16666666666666666,1451.3333333333333,AK
7.0,11.833333333333334,16.5,72635.5,13.833333333333334,0.0,0.16666666666666666,1415.8333333333333,AK
8.0,12.0,15.666666666666666,87259.33333333333,13.666666666666666,0.0,0.0,2539.6666666666665,AK
9.0,13.666666666666666,13.833333333333334,106003.16666666667,24.5,0.0,0.3333333333333333,2681.5,AK
10.0,15.666666666666666,21.5,122962.5,34.0,0.0,0.5,2836.6666666666665,AK
11.0,17.0,27.166666666666668,143764.83333333334,59.0,0.0,0.0,2678.6666666666665,AK
12.0,17.666666666666668,29.666666666666668,170670.16666666666,69.0,0.0,0.16666666666666666,3755.5,AK
13.0,33.92307692307692,44.84615384615385,331909.07692307694,69.76923076923077,0.0,0.6153846153846154,2970.846153846154,AK
14.0,42.0,39.69230769230769,390226.76923076925,79.15384615384616,0.0,0.38461538461538464,2242.923076923077,AK
15.0,47.53846153846154,42.61538461538461,430045.23076923075,97.6923076923077,0.0,0.9230769230769231,2897.4615384615386,AK
16.0,58.53846153846154,48.76923076923077,483087.23076923075,162.92307692307693,0.0,0.3076923076923077,4220.846153846154,AK
17.0,67.0,55.84615384615385,541339.6153846154,256.3076923076923,0.0,0.6153846153846154,4311.923076923077,AK
18.0,82.0,99.46153846153847,671098.3846153846,416.6923076923077,0.0,1.0769230769230769,14659.076923076924,AK
1.0,214.3846153846154,274.84615384615387,38656.46153846154,94.84615384615384,0.0,5.666666666666667,6406.25,OK
2.0,270.0,195.33333333333334,95247.0,88.5,0.0,4.166666666666667,3859.6666666666665,OK
3.0,287.8333333333333,172.5,123920.33333333333,106.16666666666667,0.0,2.6666666666666665,5067.166666666667,OK
4.0,310.6666666666667,182.6,157676.16666666666,100.83333333333333,0.0,3.1666666666666665,2614.1666666666665,OK
5.0,332.6666666666667,154.5,193650.16666666666,77.16666666666667,0.0,2.8333333333333335,4379.0,OK
6.0,347.0,155.66666666666666,222769.66666666666,93.0,0.0,2.0,4407.5,OK
7.0,359.3333333333333,155.16666666666666,251421.0,194.16666666666666,0.0,1.3333333333333333,4146.166666666667,OK
8.0,368.3333333333333,210.66666666666666,282711.3333333333,354.0,0.0,1.1666666666666667,4927.333333333333,OK
9.0,382.1666666666667,314.5,324307.0,374.5,0.0,2.5,7282.166666666667,OK
10.0,398.6666666666667,393.0,368706.1666666667,518.0,0.0,2.5,7255.166666666667,OK
11.0,420.1666666666667,497.1666666666667,422250.6666666667,640.8333333333334,0.0,3.5,7867.5,OK
12.0,449.6666666666667,592.1666666666666,478476.1666666667,585.5,0.0,4.833333333333333,8823.0,OK
13.0,751.6153846153846,564.0769230769231,838455.4615384615,723.6153846153846,0.0,9.076923076923077,6958.307692307692,OK
14.0,865.2307692307693,497.84615384615387,956398.5384615385,832.6153846153846,0.0,7.384615384615385,7894.153846153846,OK
15.0,965.4615384615385,560.4615384615385,1112843.5384615385,1067.6923076923076,0.0,7.3076923076923075,11003.307692307691,OK
16.0,1067.8461538461538,691.0,1291927.3846153845,1074.2307692307693,0.0,6.615384615384615,11386.0,OK
17.0,1195.5384615384614,848.3076923076923,1479215.1538461538,1223.5384615384614,0.0,10.153846153846153,12216.153846153846,OK
18.0,1374.923076923077,953.4615384615385,1661356.3846153845,1542.0,0.0,13.153846153846153,10858.307692307691,OK
1.0,534.1538461538462,1455.923076923077,14729.384615384615,768.4615384615385,0.0,28.416666666666668,727.5,VA
2.0,831.3333333333334,1569.8333333333333,22558.166666666668,924.0,0.0,29.666666666666668,874.0,VA
3.0,999.6666666666666,1512.0,28504.333333333332,899.8333333333334,0.0,19.0,851.3333333333334,VA
4.0,1168.1666666666667,1410.6666666666667,34563.166666666664,1072.3333333333333,0.0,27.0,1032.1666666666667,VA
5.0,1373.3333333333333,1448.0,41869.0,998.3333333333334,0.0,21.0,965.5,VA
6.0,1467.1666666666667,1195.0,47602.333333333336,805.5,0.0,11.333333333333334,774.5,VA
7.0,1543.8333333333333,969.6666666666666,51684.5,525.6666666666666,0.0,9.333333333333334,522.0,VA
8.0,1611.8333333333333,859.5,55156.5,536.5,0.0,10.333333333333334,522.3333333333334,VA
9.0,1722.3333333333333,840.5,58781.5,545.5,0.0,17.0,528.0,VA
10.0,1849.5,831.8333333333334,62566.5,589.5,0.0,15.833333333333334,570.3333333333334,VA
11.0,1961.3333333333333,1047.1666666666667,67417.16666666667,844.6666666666666,0.0,12.0,837.8333333333334,VA
12.0,2025.1666666666667,1167.3333333333333,73973.0,974.0,0.0,9.333333333333334,959.6666666666666,VA
13.0,2495.769230769231,1159.2307692307693,109735.23076923077,947.0769230769231,0.0,14.153846153846153,886.5384615384615,VA
14.0,2691.153846153846,1072.2307692307693,122881.53846153847,996.6153846153846,0.0,10.076923076923077,931.2307692307693,VA
15.0,3050.153846153846,949.6923076923077,134962.38461538462,852.2307692307693,0.0,25.615384615384617,760.3846153846154,VA
16.0,3295.6923076923076,928.9230769230769,145301.38461538462,927.2307692307693,0.0,13.384615384615385,796.9230769230769,VA
17.0,3483.846153846154,1002.2307692307693,157372.3076923077,1036.1538461538462,0.0,16.076923076923077,851.5384615384615,VA
18.0,3669.153846153846,1057.7692307692307,170680.38461538462,1389.8461538461538,0.0,8.692307692307692,1069.3076923076924,VA
1.0,48.15384615384615,27.307692307692307,16864.153846153848,6.0,0.0,0.75,473.0,VT
2.0,53.0,17.166666666666668,21710.5,2.5,0.0,0.16666666666666666,493.3333333333333,VT
3.0,53.5,19.166666666666668,25738.0,2.3333333333333335,554.8333333333334,0.16666666666666666,651.6666666666666,VT
4.0,54.0,20.0,31829.5,3.8333333333333335,894.1666666666666,0.0,1038.5,VT
5.0,55.0,15.333333333333334,38464.833333333336,2.8333333333333335,936.6666666666666,0.16666666666666666,1167.0,VT
6.0,55.0,14.333333333333334,46964.0,15.666666666666666,1172.1666666666667,0.0,1312.8333333333333,VT
7.0,55.0,15.5,56693.333333333336,6.0,1191.3333333333333,0.0,1414.3333333333333,VT
8.0,56.0,11.0,65357.333333333336,5.666666666666667,944.1666666666666,0.16666666666666666,1240.1666666666667,VT
9.0,56.0,14.5,73690.66666666667,4.0,984.0,0.0,1351.8333333333333,VT
10.0,56.0,17.5,82346.5,7.333333333333333,803.5,0.0,1110.6666666666667,VT
11.0,56.0,14.333333333333334,90976.33333333333,8.166666666666666,978.0,0.0,1369.8333333333333,VT
12.0,56.0,24.666666666666668,101205.0,8.0,1098.1666666666667,0.0,1699.6666666666667,VT
13.0,58.0,11.692307692307692,165417.6923076923,7.230769230769231,1663.3846153846155,0.0,2725.6923076923076,VT
14.0,58.0,3.3076923076923075,210855.15384615384,4.6923076923076925,1002.4615384615385,0.0,3340.4615384615386,VT
15.0,58.0,2.769230769230769,256100.76923076922,3.3076923076923075,794.8461538461538,0.0,3562.4615384615386,VT
16.0,58.0,0.8461538461538461,306287.07692307694,9.76923076923077,843.6923076923077,0.0,4000.769230769231,VT
17.0,58.0,3.076923076923077,362513.76923076925,15.153846153846153,884.4615384615385,0.0,4246.846153846154,VT
18.0,58.23076923076923,5.615384615384615,418528.6923076923,23.23076923076923,654.0769230769231,0.07692307692307693,4258.846153846154,VT
1.0,766.1538461538462,450.61538461538464,199342.46153846153,253.84615384615384,4159.923076923077,15.583333333333334,4145.083333333333,WA
2.0,910.5,358.3333333333333,242924.66666666666,209.0,3838.8333333333335,13.833333333333334,3838.8333333333335,WA
3.0,992.1666666666666,262.3333333333333,273177.3333333333,222.16666666666666,4881.0,6.666666666666667,4881.0,WA
4.0,1052.8333333333333,282.1666666666667,305619.1666666667,234.33333333333334,3938.5,6.5,3938.5,WA
5.0,1112.0,284.0,337815.8333333333,286.3333333333333,4811.833333333333,7.666666666666667,4811.833333333333,WA
6.0,1149.1666666666667,237.83333333333334,373664.6666666667,318.8333333333333,5838.333333333333,5.333333333333333,5838.333333333333,WA
7.0,1206.5,223.0,432559.5,354.6666666666667,8644.333333333334,7.5,8644.333333333334,WA
8.0,1256.1666666666667,243.33333333333334,472840.3333333333,482.0,2342.5,7.5,2342.5,WA
9.0,1306.1666666666667,289.5,520697.6666666667,653.1666666666666,10193.5,6.0,10193.5,WA
10.0,1352.6666666666667,289.1666666666667,601027.6666666666,642.0,11996.833333333334,6.333333333333333,11996.833333333334,WA
11.0,1414.6666666666667,328.3333333333333,672768.8333333334,760.1666666666666,12125.0,2.5,12125.0,WA
12.0,1437.6666666666667,363.6666666666667,780366.0,772.5,18020.0,8.166666666666666,18020.0,WA
13.0,1866.6153846153845,360.38461538461536,72157.38461538461,334.84615384615387,0.0,9.23076923076923,334.84615384615387,WA
14.0,1966.5384615384614,283.84615384615387,77595.38461538461,423.3076923076923,0.0,7.0,423.3076923076923,WA
15.0,2061.5384615384614,261.2307692307692,83200.92307692308,446.46153846153845,0.0,6.538461538461538,446.46153846153845,WA
16.0,2158.6153846153848,259.9230769230769,90267.53846153847,492.0769230769231,0.0,6.923076923076923,492.0769230769231,WA
17.0,2260.3076923076924,296.6923076923077,98857.38461538461,626.0,0.0,6.538461538461538,626.0,WA
18.0,2391.4615384615386,378.38461538461536,109822.61538461539,1063.923076923077,0.0,9.076923076923077,1063.923076923077,WA
1.0,8219.0,6177.538461538462,242544.3076923077,2671.3846153846152,7381.846153846154,264.6666666666667,7289.583333333333,NJ
2.0,10758.5,4510.0,344677.1666666667,1475.5,-48153.333333333336,172.33333333333334,24023.333333333332,NJ
3.0,11940.166666666666,3624.3333333333335,483868.0,1242.1666666666667,0.0,151.33333333333334,13122.0,NJ
4.0,12748.0,2927.6666666666665,590303.1666666666,894.1666666666666,0.0,78.33333333333333,17424.833333333332,NJ
5.0,13338.0,2577.1666666666665,751026.8333333334,819.5,0.0,75.5,26225.333333333332,NJ
6.0,13868.0,1867.6666666666667,940774.5,454.6666666666667,0.0,73.0,25346.166666666668,NJ
7.0,14337.0,1401.8333333333333,1084980.8333333333,346.6666666666667,0.0,60.0,20474.666666666668,NJ
8.0,14620.666666666666,1131.6666666666667,1230127.8333333333,338.5,0.0,31.5,22601.666666666668,NJ
9.0,14862.833333333334,1064.5,1374837.1666666667,295.8333333333333,0.0,31.833333333333332,20454.833333333332,NJ
10.0,15105.166666666666,953.1666666666666,1516990.6666666667,325.0,0.0,34.0,19532.666666666668,NJ
11.0,15342.5,901.5,1665179.8333333333,312.6666666666667,0.0,26.5,23897.166666666668,NJ
12.0,15495.0,821.1666666666666,1787041.3333333333,163.0,0.0,17.666666666666668,12601.333333333334,NJ
13.0,15911.076923076924,438.46153846153845,2704004.076923077,297.0769230769231,0.0,6.153846153846154,25013.30769230769,NJ
14.0,15997.846153846154,442.38461538461536,3056475.5384615385,359.84615384615387,0.0,6.0,25542.46153846154,NJ
15.0,16074.692307692309,417.2307692307692,3394811.923076923,515.6153846153846,0.0,4.923076923076923,27230.23076923077,NJ
16.0,16148.615384615385,568.9230769230769,3778740.923076923,733.3846153846154,0.0,4.769230769230769,31176.384615384617,NJ
17.0,16237.307692307691,804.7692307692307,4231833.923076923,1123.0,0.0,8.461538461538462,37202.846153846156,NJ
18.0,16379.615384615385,1209.0,4760156.538461538,1947.8461538461538,0.0,10.307692307692308,42498.0,NJ
1.0,17885.53846153846,11941.538461538461,315570.2,4921.2307692307695,0.0,325.4166666666667,3219.5,NY
2.0,21351.166666666668,7698.0,333685.5,2417.8333333333335,0.0,328.0,2882.1666666666665,NY
3.0,22523.833333333332,6145.833333333333,348572.1666666667,2030.6666666666667,0.0,138.33333333333334,2030.6666666666667,NY
4.0,23333.833333333332,4613.166666666667,360442.1666666667,1577.6666666666667,0.0,98.0,1577.6666666666667,NY
5.0,23872.833333333332,3549.6666666666665,370033.0,1345.8333333333333,0.0,63.333333333333336,1345.8333333333333,NY
6.0,24237.666666666668,2553.6666666666665,377505.8333333333,899.5,0.0,44.833333333333336,899.5,NY
7.0,24533.666666666668,1746.1666666666667,382846.5,736.5,0.0,34.0,736.5,NY
8.0,24714.5,1205.0,387516.1666666667,657.1666666666666,0.0,22.833333333333332,657.1666666666666,NY
9.0,24829.333333333332,911.3333333333334,392080.1666666667,631.3333333333334,0.0,12.166666666666666,631.3333333333334,NY
10.0,24899.833333333332,844.0,396740.1666666667,693.0,0.0,9.666666666666666,693.0,NY
11.0,24977.166666666668,814.8333333333334,401330.8333333333,707.6666666666666,0.0,8.333333333333334,707.6666666666666,NY
12.0,25039.166666666668,747.1666666666666,406490.8333333333,695.8333333333334,0.0,9.166666666666666,695.8333333333334,NY
13.0,25298.846153846152,480.46153846153845,430910.3076923077,629.6153846153846,0.0,4.923076923076923,629.6153846153846,NY
14.0,25366.23076923077,446.9230769230769,440690.53846153844,726.0,0.0,4.846153846153846,726.0,NY
15.0,25434.923076923078,494.7692307692308,451358.3076923077,826.6153846153846,0.0,4.846153846153846,826.6153846153846,NY
16.0,25534.153846153848,713.5384615384615,467191.23076923075,1358.923076923077,0.0,9.0,1358.923076923077,NY
17.0,25671.615384615383,965.3076923076923,487210.76923076925,1534.3846153846155,0.0,11.076923076923077,1534.3846153846155,NY
18.0,25862.23076923077,1227.0,515002.1538461539,2579.5384615384614,0.0,16.53846153846154,2579.5384615384614,NY
1.0,1815.3076923076924,1623.076923076923,27849.153846153848,364.46153846153845,0.0,47.916666666666664,354.75,LA
2.0,2273.8333333333335,1346.3333333333333,31398.166666666668,275.1666666666667,0.0,38.666666666666664,275.1666666666667,LA
3.0,2496.5,1061.0,260637.66666666666,396.0,8343.5,33.333333333333336,8343.5,LA
4.0,2674.3333333333335,846.3333333333334,319932.6666666667,456.3333333333333,9176.0,15.5,9176.0,LA
5.0,2786.3333333333335,687.8333333333334,372414.1666666667,374.8333333333333,7581.0,18.833333333333332,7581.0,LA
6.0,2926.1666666666665,587.3333333333334,431729.3333333333,413.1666666666667,8596.833333333334,14.5,8596.833333333334,LA
7.0,3010.1666666666665,559.3333333333334,502394.0,612.6666666666666,12099.5,12.333333333333334,12099.5,LA
8.0,3101.0,597.5,600960.1666666666,493.5,15119.666666666666,12.0,15119.666666666666,LA
9.0,3193.8333333333335,714.3333333333334,690989.3333333334,936.3333333333334,13334.333333333334,11.5,13334.333333333334,LA
10.0,3285.6666666666665,909.8333333333334,799892.5,1347.5,15918.333333333334,13.5,15918.333333333334,LA
11.0,3403.6666666666665,1209.0,929118.5,1981.8333333333333,18453.0,17.666666666666668,18453.0,LA
12.0,3537.6666666666665,1455.1666666666667,1067867.8333333333,2075.3333333333335,20293.666666666668,24.5,20293.666666666668,LA
13.0,4795.461538461538,964.0,1788989.8461538462,751.4615384615385,14061.384615384615,30.46153846153846,14061.384615384615,LA
14.0,5123.307692307692,773.0769230769231,1984548.2307692308,715.3076923076923,14503.0,20.615384615384617,14503.0,LA
15.0,5390.384615384615,601.2307692307693,2202533.3846153845,543.2307692307693,15182.384615384615,15.538461538461538,15182.384615384615,LA
16.0,5590.923076923077,554.6923076923077,2405462.3846153845,599.9230769230769,14092.615384615385,13.76923076923077,14092.615384615385,LA
17.0,5774.153846153846,584.7692307692307,2614204.0,651.7692307692307,14501.076923076924,13.461538461538462,14501.076923076924,LA
18.0,5964.076923076923,621.7692307692307,2811091.230769231,665.2307692307693,13376.846153846154,13.538461538461538,13376.846153846154,LA
1.0,354.84615384615387,496.84615384615387,11236.714285714286,387.38461538461536,0.0,16.583333333333332,384.6666666666667,NC
2.0,542.0,489.0,14463.333333333334,431.3333333333333,0.0,16.666666666666668,431.3333333333333,NC
3.0,653.1666666666666,511.5,203310.83333333334,647.3333333333334,0.0,15.666666666666666,10460.666666666666,NC
4.0,740.8333333333334,595.0,326188.0,669.6666666666666,0.0,10.666666666666666,12454.666666666666,NC
5.0,878.0,673.5,407283.0,876.8333333333334,0.0,21.166666666666668,11794.166666666666,NC
6.0,991.5,715.5,502474.8333333333,1063.8333333333333,0.0,15.0,14408.0,NC
7.0,1106.8333333333333,803.1666666666666,616182.3333333334,1280.3333333333333,0.0,16.833333333333332,16295.166666666666,NC
8.0,1213.0,873.5,735713.3333333334,1266.3333333333333,0.0,13.833333333333334,17734.333333333332,NC
9.0,1314.8333333333333,885.3333333333334,861896.1666666666,1416.0,0.0,12.833333333333334,19791.333333333332,NC
10.0,1398.6666666666667,954.6666666666666,1024780.5,1560.3333333333333,0.0,7.833333333333333,21508.666666666668,NC
11.0,1500.6666666666667,1065.3333333333333,1187231.3333333333,2029.0,0.0,18.5,26360.666666666668,NC
12.0,1627.8333333333333,1141.3333333333333,1385603.8333333333,1932.5,0.0,16.666666666666668,29060.0,NC
13.0,2577.846153846154,970.6153846153846,2115933.923076923,1579.5384615384614,0.0,23.53846153846154,23465.53846153846,NC
14.0,2933.5384615384614,869.3846153846154,2479868.3076923075,1258.2307692307693,0.0,24.53846153846154,26086.23076923077,NC
15.0,3304.153846153846,901.6923076923077,2838277.3846153845,1643.1538461538462,0.0,25.692307692307693,26724.076923076922,NC
16.0,3673.769230769231,997.0,3215527.846153846,1816.1538461538462,0.0,21.46153846153846,30480.46153846154,NC
17.0,4010.230769230769,1167.8461538461538,3663451.923076923,2097.0,0.0,27.23076923076923,32731.53846153846,NC
18.0,4456.307692307692,1173.0,4149834.4615384615,2382.846153846154,0.0,31.076923076923077,38128.53846153846,NC
1.0,98.38461538461539,237.53846153846155,2781.0,60.0,0.0,2.5,72.0,OR
2.0,126.5,160.33333333333334,3119.1666666666665,61.666666666666664,0.0,2.5,55.833333333333336,OR
3.0,137.66666666666666,151.16666666666666,92768.5,51.666666666666664,3681.3333333333335,1.0,3681.3333333333335,OR
4.0,147.16666666666666,129.83333333333334,110720.83333333333,27.666666666666668,2233.5,0.6666666666666666,2233.5,OR
5.0,153.16666666666666,127.0,127253.66666666667,49.5,2865.5,1.5,2865.5,OR
6.0,163.33333333333334,128.16666666666666,146171.0,98.16666666666667,2820.1666666666665,1.6666666666666667,2820.1666666666665,OR
7.0,176.0,132.5,169163.0,173.0,3788.6666666666665,2.1666666666666665,3788.6666666666665,OR
8.0,189.66666666666666,155.33333333333334,199289.33333333334,176.0,4386.166666666667,1.5,4386.166666666667,OR
9.0,202.33333333333334,156.0,222898.0,202.0,3915.6666666666665,2.0,3915.6666666666665,OR
10.0,213.5,177.66666666666666,256860.5,279.0,4738.833333333333,2.0,4738.833333333333,OR
11.0,234.83333333333334,216.16666666666666,290830.1666666667,331.3333333333333,4845.833333333333,3.3333333333333335,4845.833333333333,OR
12.0,258.5,235.83333333333334,328739.8333333333,343.0,5561.333333333333,3.6666666666666665,5561.333333333333,OR
13.0,431.15384615384613,164.53846153846155,525886.4615384615,233.6153846153846,4677.2307692307695,4.769230769230769,4677.2307692307695,OR
14.0,489.0,149.23076923076923,587850.4615384615,195.23076923076923,4067.5384615384614,3.5384615384615383,4067.5384615384614,OR
15.0,533.3846153846154,174.23076923076923,642855.1538461539,256.3076923076923,4369.2307692307695,2.1538461538461537,4369.2307692307695,OR
16.0,580.6923076923077,191.46153846153845,711499.2307692308,321.2307692307692,5046.076923076923,3.3846153846153846,5046.076923076923,OR
17.0,632.9230769230769,192.6153846153846,791980.0,358.15384615384613,6057.923076923077,3.8461538461538463,6057.923076923077,OR
18.0,701.2307692307693,247.69230769230768,873275.3076923077,642.0769230769231,5943.153846153846,5.384615384615385,5943.153846153846,OR
1.0,118.61538461538461,159.3846153846154,3607.75,148.30769230769232,0.0,7.0,166.28571428571428,NM
2.0,195.16666666666666,199.33333333333334,22360.833333333332,153.5,0.0,8.333333333333334,17666.333333333332,NM
3.0,260.8333333333333,211.33333333333334,130958.66666666667,138.0,0.0,7.5,4539.166666666667,NM
4.0,311.0,209.83333333333334,168626.16666666666,135.5,0.0,7.0,5550.333333333333,NM
5.0,352.5,188.83333333333334,195968.0,128.66666666666666,0.0,6.333333333333333,4549.0,NM
6.0,393.6666666666667,179.0,231062.83333333334,160.83333333333334,0.0,4.833333333333333,4776.833333333333,NM
7.0,433.1666666666667,168.83333333333334,261382.83333333334,113.83333333333333,0.0,6.166666666666667,4332.666666666667,NM
8.0,466.6666666666667,143.83333333333334,290454.3333333333,128.83333333333334,0.0,4.0,4364.333333333333,NM
9.0,491.1666666666667,124.16666666666667,328536.0,192.83333333333334,0.0,2.8333333333333335,6012.666666666667,NM
10.0,512.3333333333334,126.5,372139.1666666667,241.83333333333334,0.0,3.1666666666666665,5863.666666666667,NM
11.0,543.1666666666666,162.66666666666666,413822.3333333333,249.5,0.0,4.0,6719.833333333333,NM
12.0,572.1666666666666,160.83333333333334,463928.8333333333,279.3333333333333,0.0,5.166666666666667,7421.0,NM
13.0,753.1538461538462,69.6923076923077,728039.6153846154,136.3846153846154,0.0,4.3076923076923075,5986.2307692307695,NM
14.0,808.1538461538462,69.0,799503.8461538461,106.3076923076923,0.0,2.769230769230769,4709.2307692307695,NM
15.0,854.1538461538462,69.15384615384616,874226.0,158.6153846153846,0.0,3.3076923076923075,5962.307692307692,NM
16.0,895.8461538461538,107.0,961464.1538461539,323.46153846153845,0.0,3.076923076923077,6763.076923076923,NM
17.0,944.7692307692307,206.07692307692307,1071940.076923077,682.5384615384615,0.0,4.461538461538462,8738.615384615385,NM
18.0,1053.6923076923076,382.15384615384613,1205806.1538461538,1009.2307692307693,0.0,11.538461538461538,10777.23076923077,NM
1.0,304.2307692307692,344.7692307692308,6730.0,317.6923076923077,0.0,8.0,292.8333333333333,WI
2.0,397.1666666666667,336.8333333333333,9998.666666666666,311.5,0.0,9.333333333333334,285.0,WI
3.0,451.8333333333333,368.3333333333333,147546.0,373.8333333333333,6293.833333333333,7.666666666666667,6293.833333333333,WI
4.0,505.1666666666667,401.8333333333333,194935.0,433.0,9269.166666666666,6.0,9269.166666666666,WI
5.0,583.3333333333334,407.5,262238.3333333333,440.3333333333333,9265.5,11.333333333333334,9265.5,WI
6.0,643.0,331.0,339954.0,345.5,11567.833333333334,7.5,11567.833333333334,WI
7.0,691.8333333333334,288.0,413756.0,295.6666666666667,9803.833333333334,5.333333333333333,9803.833333333334,WI
8.0,738.6666666666666,241.66666666666666,481024.5,341.0,9384.333333333334,6.333333333333333,9384.333333333334,WI
9.0,775.6666666666666,247.66666666666666,545802.8333333334,503.5,9105.333333333334,4.5,9105.333333333334,WI
10.0,804.0,244.66666666666666,613079.3333333334,590.0,8793.666666666666,3.1666666666666665,8793.666666666666,WI
11.0,825.3333333333334,277.6666666666667,684521.8333333334,823.1666666666666,11132.833333333334,3.1666666666666665,11132.833333333334,WI
12.0,849.6666666666666,335.6666666666667,767542.0,939.8333333333334,11611.833333333334,5.333333333333333,11611.833333333334,WI
13.0,1101.5384615384614,326.0769230769231,1202963.3846153845,703.3846153846154,8171.538461538462,5.461538461538462,8171.538461538462,WI
14.0,1186.076923076923,302.61538461538464,1317321.3076923077,1068.6923076923076,7943.2307692307695,6.076923076923077,7943.2307692307695,WI
15.0,1264.1538461538462,469.38461538461536,1456633.923076923,2098.3846153846152,11318.153846153846,4.923076923076923,11318.153846153846,WI
16.0,1413.076923076923,800.3076923076923,1622942.3846153845,2589.769230769231,12627.307692307691,13.384615384615385,12627.307692307691,WI
17.0,1675.8461538461538,1169.2307692307693,1858332.3076923077,3705.3076923076924,20501.23076923077,23.53846153846154,20501.23076923077,WI
18.0,2190.3846153846152,1665.7692307692307,2101263.3076923075,5303.923076923077,15601.461538461539,39.61538461538461,15601.461538461539,WI
4.0,427.3333333333333,335.0,33941.75,130.5,5877.0,5.5,842.3333333333334,DC
5.0,463.1666666666667,315.0,38114.166666666664,80.0,594.8333333333334,4.166666666666667,594.8333333333334,DC
6.0,484.6666666666667,272.1666666666667,43859.833333333336,76.33333333333333,943.6666666666666,3.6666666666666665,943.6666666666666,DC
7.0,511.5,202.66666666666666,50632.666666666664,46.833333333333336,1051.6666666666667,3.5,1051.6666666666667,DC
8.0,532.1666666666666,174.0,61487.0,41.166666666666664,1500.0,2.3333333333333335,1500.0,DC
9.0,548.1666666666666,135.5,71260.5,33.166666666666664,1731.0,1.6666666666666667,1731.0,DC
10.0,557.8333333333334,98.33333333333333,81793.5,34.0,1208.1666666666667,1.3333333333333333,1208.1666666666667,DC
11.0,568.0,93.16666666666667,93525.5,50.666666666666664,1803.6666666666667,0.6666666666666666,1803.6666666666667,DC
12.0,577.6666666666666,86.33333333333333,106402.33333333333,66.83333333333333,1758.8333333333333,1.5,1758.8333333333333,DC
13.0,604.0,79.3076923076923,170280.38461538462,51.30769230769231,1492.0,0.6153846153846154,1492.0,DC
14.0,612.8461538461538,85.07692307692308,189341.46153846153,44.07692307692308,1169.0,0.6923076923076923,1169.0,DC
15.0,621.0,93.3076923076923,206156.38461538462,44.38461538461539,1197.6923076923076,0.6153846153846154,1197.6923076923076,DC
16.0,632.0,96.07692307692308,222821.46153846153,55.53846153846154,1314.3076923076924,0.8461538461538461,1314.3076923076924,DC
17.0,641.0769230769231,89.15384615384616,242976.07692307694,57.23076923076923,1276.3846153846155,0.38461538461538464,1276.3846153846155,DC
18.0,648.6923076923077,93.15384615384616,260262.3076923077,90.84615384615384,1252.0,0.8461538461538461,1252.0,DC
1.0,148.46153846153845,328.6923076923077,6975.153846153846,489.46153846153845,0.0,9.25,515.5833333333334,IA
2.0,258.5,403.0,11905.166666666666,418.0,0.0,11.666666666666666,418.0,IA
3.0,346.3333333333333,386.6666666666667,97770.33333333333,343.3333333333333,4393.333333333333,11.0,4393.333333333333,IA
4.0,444.3333333333333,369.8333333333333,126324.83333333333,348.1666666666667,4050.0,15.0,4050.0,IA
5.0,533.8333333333334,355.6666666666667,131890.83333333334,276.0,4003.8333333333335,11.666666666666666,4003.8333333333335,IA
6.0,601.6666666666666,282.8333333333333,186641.5,363.5,5546.333333333333,8.333333333333334,5546.333333333333,IA
7.0,651.3333333333334,210.0,221205.0,271.3333333333333,4697.166666666667,6.5,4697.166666666667,IA
8.0,683.3333333333334,178.16666666666666,253415.0,318.6666666666667,4927.666666666667,2.5,4927.666666666667,IA
9.0,705.1666666666666,129.83333333333334,292311.1666666667,383.6666666666667,5712.666666666667,3.8333333333333335,5712.666666666667,IA
10.0,721.3333333333334,147.0,329728.6666666667,429.6666666666667,4953.666666666667,1.3333333333333333,4953.666666666667,IA
11.0,748.5,177.33333333333334,370480.1666666667,556.6666666666666,5766.666666666667,3.6666666666666665,5766.666666666667,IA
12.0,790.3333333333334,212.16666666666666,410928.8333333333,530.5,5893.666666666667,6.666666666666667,5893.666666666667,IA
13.0,1060.4615384615386,294.53846153846155,601239.4615384615,798.2307692307693,4402.538461538462,9.76923076923077,4402.538461538462,IA
14.0,1180.5384615384614,304.0,661130.4615384615,689.0,4853.7692307692305,7.769230769230769,4853.7692307692305,IA
15.0,1283.4615384615386,301.2307692307692,729203.5384615385,825.0,5055.692307692308,6.615384615384615,5055.692307692308,IA
16.0,1406.4615384615386,421.3076923076923,795515.8461538461,871.7692307692307,4909.076923076923,11.076923076923077,4909.076923076923,IA
17.0,1568.6153846153845,506.6923076923077,844263.6923076923,1082.0,3191.153846153846,12.538461538461538,3191.153846153846,IA
18.0,1765.0,773.6923076923077,908181.9230769231,2589.3076923076924,5899.846153846154,14.461538461538462,5899.846153846154,IA
1.0,66.6923076923077,100.92307692307692,23100.30769230769,84.38461538461539,0.0,3.1666666666666665,926.75,NH
2.0,123.83333333333333,112.5,34893.666666666664,87.33333333333333,0.0,6.833333333333333,1317.6666666666667,NH
3.0,163.83333333333334,114.83333333333333,47446.5,68.83333333333333,8245.666666666666,5.0,2107.0,NH
4.0,204.0,94.83333333333333,63339.666666666664,79.33333333333333,2025.1666666666667,4.666666666666667,2065.6666666666665,NH
5.0,237.5,103.5,78044.0,75.66666666666667,1685.3333333333333,5.166666666666667,2038.3333333333333,NH
6.0,279.3333333333333,84.33333333333333,95826.5,55.0,1897.3333333333333,5.0,2658.6666666666665,NH
7.0,313.6666666666667,73.0,113031.0,35.5,1704.3333333333333,4.333333333333333,2549.8333333333335,NH
8.0,335.8333333333333,56.166666666666664,128972.16666666667,32.333333333333336,1345.3333333333333,2.1666666666666665,2170.5,NH
9.0,363.0,36.0,145730.0,31.5,1374.1666666666667,4.0,2455.5,NH
10.0,377.1666666666667,27.166666666666668,162830.33333333334,22.0,1451.8333333333333,1.8333333333333333,2607.0,NH
11.0,389.3333333333333,22.333333333333332,179258.16666666666,22.666666666666668,1252.8333333333333,1.1666666666666667,2460.5,NH
12.0,396.3333333333333,21.0,198617.83333333334,26.333333333333332,1285.5,1.0,2823.1666666666665,NH
13.0,429.84615384615387,9.461538461538462,307664.46153846156,19.846153846153847,1846.8461538461538,0.6153846153846154,3333.6923076923076,NH
14.0,433.46153846153845,7.769230769230769,355320.6923076923,32.07692307692308,1579.6153846153845,0.3076923076923077,3713.5384615384614,NH
15.0,438.2307692307692,12.692307692307692,408390.3076923077,35.38461538461539,2839.153846153846,0.07692307692307693,4000.230769230769,NH
16.0,446.84615384615387,18.53846153846154,472248.6923076923,70.0,1797.8461538461538,1.3076923076923077,4533.692307692308,NH
17.0,468.15384615384613,18.0,548011.4615384615,86.0,2712.6923076923076,1.4615384615384615,5933.153846153846,NH
18.0,484.53846153846155,41.92307692307692,632037.8461538461,166.76923076923077,2241.153846153846,1.0769230769230769,5801.7692307692305,NH
1.0,2149.4615384615386,1688.7692307692307,89617.76923076923,627.0769230769231,0.0,82.83333333333333,3227.0833333333335,CT
2.0,2936.5,1276.0,126901.33333333333,556.3333333333334,0.0,53.833333333333336,4496.166666666667,CT
3.0,3362.0,983.5,167338.5,595.8333333333334,7849.333333333333,57.833333333333336,7096.166666666667,CT
4.0,3683.0,730.1666666666666,211394.33333333334,381.0,-31786.333333333332,40.0,5774.0,CT
5.0,3914.3333333333335,521.1666666666666,250298.5,281.8333333333333,44762.0,28.166666666666668,6467.166666666667,CT
6.0,4058.6666666666665,334.3333333333333,295862.6666666667,181.33333333333334,6043.0,18.0,6043.0,CT
7.0,4184.333333333333,222.0,341976.0,167.0,-52502.333333333336,15.0,7412.0,CT
8.0,4252.5,154.16666666666666,388220.5,78.33333333333333,0.0,9.666666666666666,6011.666666666667,CT
9.0,4312.333333333333,109.16666666666667,432246.5,100.16666666666667,0.0,5.833333333333333,10670.5,CT
10.0,4334.5,89.66666666666667,505152.8333333333,76.83333333333333,0.0,2.3333333333333335,8711.333333333334,CT
11.0,4355.833333333333,76.83333333333333,564905.8333333334,70.33333333333333,0.0,4.833333333333333,9052.166666666666,CT
12.0,4398.166666666667,63.333333333333336,635615.5,76.66666666666667,0.0,4.333333333333333,9790.166666666666,CT
13.0,4462.0,55.30769230769231,1075768.076923077,124.92307692307692,0.0,0.6923076923076923,13866.0,CT
14.0,4473.692307692308,56.76923076923077,1277426.8461538462,145.30769230769232,0.0,1.4615384615384615,14423.23076923077,CT
15.0,4495.692307692308,74.0,1470025.2307692308,162.76923076923077,0.0,1.3846153846153846,13868.846153846154,CT
16.0,4520.538461538462,124.76923076923077,1729618.3846153845,311.38461538461536,0.0,2.076923076923077,24254.46153846154,CT
17.0,4559.384615384615,212.07692307692307,2041072.7692307692,492.46153846153845,0.0,4.3076923076923075,22874.69230769231,CT
18.0,4640.538461538462,365.61538461538464,2380834.3846153845,986.6153846153846,0.0,7.923076923076923,27390.23076923077,CT
2.0,424.6666666666667,607.5,94012.0,247.33333333333334,0.0,13.833333333333334,2406.6666666666665,MS
3.0,514.3333333333334,596.8333333333334,111213.0,269.0,0.0,14.833333333333334,2952.0,MS
4.0,617.3333333333334,570.6666666666666,137966.83333333334,294.0,0.0,13.666666666666666,4523.166666666667,MS
5.0,727.6666666666666,584.8333333333334,168146.83333333334,329.3333333333333,0.0,16.166666666666668,5261.5,MS
6.0,815.1666666666666,603.6666666666666,198276.0,241.0,0.0,9.166666666666666,3959.0,MS
7.0,889.8333333333334,674.1666666666666,221029.83333333334,278.1666666666667,0.0,7.833333333333333,4485.166666666667,MS
8.0,953.1666666666666,642.8333333333334,243415.33333333334,376.1666666666667,0.0,8.5,2420.6666666666665,MS
9.0,1040.6666666666667,738.1666666666666,277608.6666666667,637.1666666666666,0.0,10.333333333333334,4340.166666666667,MS
10.0,1112.3333333333333,863.3333333333334,307666.6666666667,719.0,0.0,12.666666666666666,3482.8333333333335,MS
11.0,1236.6666666666667,987.8333333333334,335959.8333333333,775.6666666666666,0.0,14.0,5901.666666666667,MS
12.0,1348.0,1111.8333333333333,378700.8333333333,1159.5,0.0,16.5,6364.166666666667,MS
13.0,2317.923076923077,911.6923076923077,544619.9230769231,749.4615384615385,0.0,26.53846153846154,3641.6923076923076,MS
14.0,2613.846153846154,690.9230769230769,600236.6153846154,494.9230769230769,0.0,16.384615384615383,3597.076923076923,MS
15.0,2844.6153846153848,620.7692307692307,692293.0,502.0,0.0,14.384615384615385,8321.076923076924,MS
16.0,3038.4615384615386,566.1538461538462,770641.4615384615,583.8461538461538,0.0,11.076923076923077,5265.307692307692,MS
17.0,3202.4615384615386,654.9230769230769,822800.2307692308,755.5384615384615,0.0,11.384615384615385,2348.3846153846152,MS
18.0,3376.4615384615386,686.1538461538462,929236.5384615385,814.4615384615385,0.0,12.307692307692308,11915.307692307691,MS
1.0,1016.0769230769231,1472.090909090909,123394.53846153847,661.1538461538462,0.0,51.666666666666664,5004.083333333333,IN
2.0,1496.1666666666667,1359.0,185210.0,542.8333333333334,0.0,33.5,6106.666666666667,IN
3.0,1736.3333333333333,1284.5,236074.16666666666,538.6666666666666,6470.0,34.166666666666664,7581.5,IN
4.0,1958.8333333333333,1134.8333333333333,287106.6666666667,467.3333333333333,5835.166666666667,23.333333333333332,5814.333333333333,IN
5.0,2129.3333333333335,1080.1666666666667,332441.0,466.6666666666667,6097.666666666667,27.833333333333332,6945.333333333333,IN
6.0,2289.8333333333335,916.1666666666666,382454.6666666667,386.8333333333333,6262.5,22.0,7474.0,IN
7.0,2415.1666666666665,879.1666666666666,444618.5,408.1666666666667,7275.166666666667,15.333333333333334,9789.666666666666,IN
8.0,2534.1666666666665,755.1666666666666,521351.6666666667,309.6666666666667,9199.0,15.666666666666666,10596.0,IN
9.0,2613.3333333333335,658.0,593889.0,409.0,8718.833333333334,10.333333333333334,9838.666666666666,IN
10.0,2689.6666666666665,634.8333333333334,658574.1666666666,445.6666666666667,6726.5,11.166666666666666,8357.333333333334,IN
11.0,2756.6666666666665,716.6666666666666,729676.8333333334,603.6666666666666,7092.0,7.166666666666667,10756.166666666666,IN
12.0,2818.5,805.6666666666666,820328.1666666666,757.6666666666666,9702.666666666666,10.166666666666666,13062.666666666666,IN
13.0,3242.846153846154,895.3846153846154,1436125.7692307692,949.9230769230769,11410.23076923077,10.076923076923077,18310.0,IN
14.0,3386.3076923076924,809.7692307692307,1683776.923076923,896.0769230769231,12579.076923076924,9.76923076923077,17868.076923076922,IN
15.0,3529.076923076923,823.0,1964391.2307692308,853.3076923076923,8581.76923076923,10.076923076923077,20156.615384615383,IN
16.0,3712.6153846153848,1069.4615384615386,2271359.3076923075,1345.3076923076924,9576.692307692309,14.076923076923077,22469.0,IN
17.0,3998.5384615384614,1469.076923076923,2567914.769230769,2036.6923076923076,10331.461538461539,24.692307692307693,24139.846153846152,IN
18.0,4438.846153846154,1869.076923076923,3009903.846153846,3688.076923076923,13575.923076923076,36.15384615384615,37286.38461538462,IN
1.0,4300.076923076923,2523.153846153846,212768.0,753.2307692307693,0.0,89.16666666666667,9091.833333333334,MI
2.0,5059.333333333333,1518.3333333333333,324097.1666666667,751.6666666666666,0.0,58.166666666666664,11909.666666666666,MI
3.0,5375.5,1185.0,425699.0,519.6666666666666,0.0,39.666666666666664,14646.833333333334,MI
4.0,5629.0,970.1666666666666,530422.8333333334,320.6666666666667,0.0,31.5,14230.166666666666,MI
5.0,5810.166666666667,755.0,637220.8333333334,273.6666666666667,0.0,23.666666666666668,15939.666666666666,MI
6.0,5924.333333333333,714.0,737563.8333333334,130.83333333333334,0.0,11.166666666666666,13256.0,MI
7.0,6009.166666666667,615.5,820797.1666666666,181.16666666666666,0.0,13.666666666666666,13379.666666666666,MI
8.0,6085.166666666667,557.0,912900.3333333334,283.3333333333333,0.0,12.166666666666666,13155.333333333334,MI
9.0,6155.333333333333,542.6666666666666,1023040.6666666666,362.1666666666667,0.0,13.166666666666666,16791.333333333332,MI
10.0,6222.5,533.6666666666666,1152036.1666666667,468.5,0.0,8.833333333333334,19221.5,MI
11.0,6305.0,517.6666666666666,1300235.1666666667,552.1666666666666,0.0,10.666666666666666,22521.5,MI
12.0,6364.666666666667,680.0,1486708.8333333333,691.0,0.0,8.666666666666666,27192.0,MI
13.0,6682.153846153846,650.2307692307693,2611708.846153846,740.1538461538462,0.0,11.153846153846153,31170.23076923077,MI
14.0,6848.2307692307695,618.3846153846154,3019369.846153846,805.1538461538462,0.0,11.846153846153847,28836.076923076922,MI
15.0,6997.384615384615,549.4615384615385,3437010.3076923075,825.6153846153846,0.0,9.153846153846153,31384.384615384617,MI
16.0,7159.076923076923,743.0,3889557.4615384615,1121.2307692307693,0.0,11.76923076923077,34160.38461538462,MI
17.0,7402.2307692307695,1085.3076923076924,4416552.461538462,2062.076923076923,0.0,22.846153846153847,42679.307692307695,MI
18.0,7784.0,2035.2307692307693,5085605.153846154,4304.923076923077,0.0,32.53846153846154,52397.153846153844,MI
1.0,59.15384615384615,33.84615384615385,24804.615384615383,26.153846153846153,921.2307692307693,0.8333333333333334,914.5,ID
2.0,67.33333333333333,22.5,31647.5,22.166666666666668,357.1666666666667,0.8333333333333334,357.1666666666667,ID
3.0,72.33333333333333,24.666666666666668,35724.333333333336,27.0,818.8333333333334,0.8333333333333334,818.8333333333334,ID
4.0,78.33333333333333,20.333333333333332,40315.5,25.0,470.5,0.3333333333333333,470.5,ID
5.0,82.16666666666667,29.833333333333332,45675.666666666664,34.5,849.0,0.3333333333333333,849.0,ID
6.0,83.0,25.333333333333332,54444.333333333336,42.666666666666664,1451.1666666666667,0.0,1451.1666666666667,ID
7.0,86.66666666666667,23.5,62305.666666666664,40.333333333333336,1093.3333333333333,0.5,1093.3333333333333,ID
8.0,88.83333333333333,31.666666666666668,71401.5,119.0,1548.1666666666667,0.16666666666666666,1548.1666666666667,ID
9.0,90.5,48.833333333333336,84310.5,225.0,1897.8333333333333,0.3333333333333333,1897.8333333333333,ID
10.0,92.83333333333333,76.83333333333333,101767.66666666667,322.5,2908.1666666666665,0.3333333333333333,2908.1666666666665,ID
11.0,100.83333333333333,135.33333333333334,122242.0,477.1666666666667,3144.0,1.3333333333333333,3144.0,ID
12.0,117.0,194.33333333333334,143268.5,591.3333333333334,2833.3333333333335,3.1666666666666665,2833.3333333333335,ID
13.0,321.38461538461536,182.15384615384616,240034.84615384616,301.9230769230769,2206.4615384615386,6.615384615384615,2206.4615384615386,ID
14.0,391.6923076923077,153.53846153846155,266849.6923076923,245.46153846153845,1576.3076923076924,4.153846153846154,1576.3076923076924,ID
15.0,445.7692307692308,134.46153846153845,290731.6923076923,382.2307692307692,1991.076923076923,3.1538461538461537,1991.076923076923,ID
16.0,487.9230769230769,163.30769230769232,320731.1538461539,549.4615384615385,2367.6153846153848,3.6153846153846154,2367.6153846153848,ID
17.0,538.2307692307693,218.30769230769232,454398.6153846154,821.6153846153846,2518.5384615384614,4.846153846153846,12327.461538461539,ID
18.0,642.0,268.84615384615387,531357.0,993.8461538461538,2690.076923076923,8.153846153846153,4030.4615384615386,ID
11.0,4309.333333333333,7621.4,3099082.8333333335,11158.833333333334,60996.166666666664,87.16666666666667,87333.0,FL
12.0,5048.166666666667,9264.833333333334,3720297.8333333335,11193.166666666666,60750.833333333336,115.5,84669.66666666667,FL
13.0,10731.23076923077,4443.692307692308,6083943.307692308,3293.6923076923076,25860.384615384617,110.61538461538461,44039.0,FL
14.0,12241.307692307691,3058.153846153846,6674192.153846154,2622.076923076923,20344.076923076922,98.38461538461539,35077.846153846156,FL
15.0,13702.076923076924,2249.4615384615386,7210763.846153846,2462.769230769231,22504.615384615383,97.0,38604.92307692308,FL
16.0,15042.23076923077,2106.923076923077,7747107.153846154,2366.3846153846152,21266.076923076922,98.92307692307692,39993.61538461538,FL
17.0,16291.692307692309,2115.076923076923,8378185.769230769,3261.3846153846152,30039.153846153848,71.53846153846153,50891.769230769234,FL
18.0,17094.153846153848,2507.6153846153848,9142727.615384616,4627.307692307692,32191.69230769231,52.46153846153846,53436.307692307695,FL
11.0,19.5,23.0,109950.66666666667,28.666666666666668,1495.6666666666667,0.5,1905.8333333333333,HI
12.0,23.166666666666668,39.333333333333336,124793.33333333333,21.5,1537.6666666666667,0.3333333333333333,2205.8333333333335,HI
13.0,50.76923076923077,237.53846153846155,236815.23076923078,240.30769230769232,2501.5384615384614,1.7692307692307692,3939.076923076923,HI
14.0,86.84615384615384,254.07692307692307,311185.0,181.69230769230768,4719.153846153846,2.230769230769231,6567.2307692307695,HI
15.0,118.92307692307692,178.84615384615384,385220.0,106.3076923076923,2435.0,2.5384615384615383,4477.2307692307695,HI
16.0,154.23076923076923,121.0,382906.8461538461,99.07692307692308,898.1538461538462,2.8461538461538463,-8053.846153846154,HI
17.0,193.53846153846155,87.3076923076923,308090.0,89.61538461538461,0.0,3.3076923076923075,0.0,HI
18.0,217.92307692307693,63.46153846153846,308090.0,97.3076923076923,0.0,0.6923076923076923,0.0,HI
2.0,335.8333333333333,482.6666666666667,69850.83333333333,108.0,0.0,6.5,2637.3333333333335,NV
3.0,373.8333333333333,435.6666666666667,92498.16666666667,108.66666666666667,3913.3333333333335,5.833333333333333,3994.6666666666665,NV
4.0,405.1666666666667,393.1666666666667,126577.83333333333,138.5,5358.0,3.1666666666666665,5861.166666666667,NV
5.0,440.0,373.8333333333333,163118.5,119.5,3880.6666666666665,6.0,4584.5,NV
6.0,464.8333333333333,348.3333333333333,198838.0,183.16666666666666,4561.166666666667,2.8333333333333335,5191.5,NV
7.0,479.1666666666667,340.5,238597.5,249.0,5861.333333333333,1.8333333333333333,6618.666666666667,NV
8.0,491.1666666666667,371.5,275408.8333333333,359.1666666666667,3406.8333333333335,1.0,4164.833333333333,NV
9.0,500.6666666666667,516.6666666666666,306294.3333333333,644.0,4011.8333333333335,2.1666666666666665,5504.0,NV
10.0,533.6666666666666,745.3333333333334,365130.5,780.6666666666666,5353.833333333333,6.166666666666667,8756.333333333334,NV
11.0,590.0,934.6666666666666,430043.8333333333,886.3333333333334,6151.5,9.833333333333334,9291.5,NV
12.0,646.6666666666666,1047.1666666666667,485326.6666666667,1176.6666666666667,5459.833333333333,9.666666666666666,7657.166666666667,NV
13.0,1233.2307692307693,765.3846153846154,818159.3076923077,506.84615384615387,3353.846153846154,15.615384615384615,7082.384615384615,NV
14.0,1405.6923076923076,555.2307692307693,904263.0769230769,321.61538461538464,3424.846153846154,11.0,6651.615384615385,NV
15.0,1546.5384615384614,457.7692307692308,995358.3846153846,396.2307692307692,3540.6153846153848,7.923076923076923,7096.0,NV
16.0,1633.3076923076924,478.15384615384613,1095469.8461538462,519.4615384615385,3527.0,5.461538461538462,7552.153846153846,NV
17.0,1722.923076923077,502.7692307692308,1154583.0,718.6923076923077,3799.230769230769,5.769230769230769,555.3846153846154,NV
18.0,1807.4615384615386,695.7692307692307,1154583.0,1082.6153846153845,4309.2307692307695,7.384615384615385,0.0,NV
3.0,386.1666666666667,249.5,40040.666666666664,180.83333333333334,1806.8333333333333,9.5,1806.8333333333333,DE
4.0,428.8333333333333,211.33333333333334,51290.333333333336,145.33333333333334,1583.6666666666667,5.0,1583.6666666666667,DE
5.0,466.3333333333333,170.83333333333334,60140.5,98.16666666666667,1440.1666666666667,3.0,1440.1666666666667,DE
6.0,487.1666666666667,118.5,68328.33333333333,51.333333333333336,972.1666666666666,2.8333333333333335,972.1666666666666,DE
7.0,496.0,95.0,80728.83333333333,57.833333333333336,2388.1666666666665,1.0,2388.1666666666665,DE
8.0,503.6666666666667,81.33333333333333,93461.16666666667,67.16666666666667,1823.8333333333333,0.3333333333333333,1823.8333333333333,DE
9.0,507.3333333333333,78.0,105752.0,97.5,2113.3333333333335,0.6666666666666666,2113.3333333333335,DE
10.0,512.0,56.833333333333336,122293.16666666667,150.66666666666666,2883.5,0.8333333333333334,2883.5,DE
11.0,517.1666666666666,56.833333333333336,135527.16666666666,84.5,1721.5,0.5,1721.5,DE
12.0,522.6666666666666,51.333333333333336,151429.0,116.0,2493.1666666666665,0.6666666666666666,2493.1666666666665,DE
13.0,601.6923076923077,47.15384615384615,225459.38461538462,64.3076923076923,1769.5384615384614,0.9230769230769231,1769.5384615384614,DE
14.0,610.2307692307693,60.69230769230769,252958.3076923077,107.84615384615384,1852.3846153846155,0.9230769230769231,1852.3846153846155,DE
15.0,626.5384615384615,58.30769230769231,274651.1538461539,96.3076923076923,1512.0,1.2307692307692308,1512.0,DE
16.0,646.8461538461538,90.46153846153847,298653.46153846156,135.23076923076923,2214.846153846154,1.6153846153846154,2214.846153846154,DE
17.0,670.0,106.23076923076923,329726.6153846154,136.46153846153845,2024.5384615384614,2.0,2024.5384615384614,DE
18.0,709.0769230769231,107.07692307692308,355771.0,204.53846153846155,1879.923076923077,2.5384615384615383,1879.923076923077,DE
1.0,3416.3846153846152,3761.3076923076924,337785.53846153844,1950.6153846153845,0.0,120.25,13103.416666666666,MA
2.0,4887.0,3228.5,481545.8333333333,1217.8333333333333,0.0,120.16666666666667,13214.0,MA
3.0,5729.333333333333,2653.3333333333335,582010.6666666666,1238.0,12574.0,103.83333333333333,14103.166666666666,MA
4.0,6323.5,2227.5,673192.3333333334,787.1666666666666,9254.666666666666,67.83333333333333,10504.666666666666,MA
5.0,6848.666666666667,1872.5,748615.0,1157.1666666666667,10048.333333333334,89.66666666666667,10812.0,MA
6.0,7300.333333333333,1492.1666666666667,823843.6666666666,382.8333333333333,7320.833333333333,42.666666666666664,10514.833333333334,MA
7.0,7590.333333333333,1097.0,902755.1666666666,288.1666666666667,8524.0,35.166666666666664,10897.5,MA
8.0,7836.666666666667,954.3333333333334,989631.0,214.66666666666666,9217.5,26.0,11509.0,MA
9.0,8037.666666666667,770.8333333333334,1071440.8333333333,211.83333333333334,8789.5,19.333333333333332,12030.833333333334,MA
10.0,8174.5,639.5,1154062.0,199.16666666666666,8011.833333333333,22.0,11644.666666666666,MA
11.0,8311.5,592.0,1260900.0,254.66666666666666,10286.0,16.166666666666668,15698.5,MA
12.0,8419.166666666666,510.8333333333333,1375349.6666666667,281.0,11645.833333333334,13.666666666666666,15215.166666666666,MA
13.0,8967.461538461539,326.2307692307692,2176395.6153846155,380.38461538461536,20384.846153846152,17.0,35223.769230769234,MA
14.0,9143.76923076923,323.7692307692308,2773936.0,-292.9230769230769,16447.076923076922,11.923076923076923,45406.46153846154,MA
15.0,9332.0,372.0,3518913.153846154,436.84615384615387,17357.23076923077,14.615384615384615,65800.53846153847,MA
16.0,9539.846153846154,473.6923076923077,4432211.230769231,621.4615384615385,16180.923076923076,14.923076923076923,63628.846153846156,MA
17.0,9768.923076923076,520.3076923076923,5305198.538461538,874.2307692307693,16027.23076923077,19.307692307692307,66642.92307692308,MA
18.0,10046.615384615385,546.7692307692307,6313610.230769231,1514.6153846153845,18882.53846153846,21.153846153846153,75904.30769230769,MA
1.0,52.61538461538461,36.69230769230769,1066.6923076923076,24.53846153846154,0.0,1.4166666666666667,17.75,ME
2.0,63.833333333333336,38.833333333333336,1293.3333333333333,37.166666666666664,0.0,0.5,27.333333333333332,ME
3.0,70.33333333333333,38.666666666666664,33035.0,37.666666666666664,821.1666666666666,1.1666666666666667,0.0,ME
4.0,76.66666666666667,52.333333333333336,37725.0,48.333333333333336,0.0,1.0,0.0,ME
5.0,88.33333333333333,51.0,49336.0,40.0,0.0,2.1666666666666665,1235.5,ME
6.0,98.16666666666667,34.166666666666664,59902.166666666664,31.333333333333332,0.0,0.8333333333333334,1306.3333333333333,ME
7.0,100.33333333333333,30.0,69693.5,30.333333333333332,0.0,0.16666666666666666,1409.3333333333333,ME
8.0,102.0,26.5,79160.33333333333,26.333333333333332,0.0,0.0,1157.3333333333333,ME
9.0,104.0,28.0,91538.66666666667,39.333333333333336,0.0,0.3333333333333333,1623.1666666666667,ME
10.0,107.5,25.333333333333332,106047.16666666667,24.333333333333332,0.0,0.8333333333333334,2274.5,ME
11.0,112.66666666666667,16.833333333333332,120573.33333333333,17.666666666666668,0.0,0.6666666666666666,2089.0,ME
12.0,116.33333333333333,11.333333333333334,135881.33333333334,24.166666666666668,0.0,0.6666666666666666,2380.1666666666665,ME
13.0,130.69230769230768,7.153846153846154,238783.23076923078,24.076923076923077,0.0,0.38461538461538464,3736.5384615384614,ME
14.0,134.23076923076923,8.846153846153847,304512.1538461539,27.307692307692307,0.0,0.3076923076923077,5000.538461538462,ME
15.0,139.3846153846154,12.461538461538462,385161.3846153846,29.384615384615383,0.0,0.23076923076923078,6681.923076923077,ME
16.0,142.23076923076923,9.153846153846153,467406.6153846154,31.923076923076923,0.0,0.15384615384615385,4843.615384615385,ME
17.0,145.53846153846155,9.23076923076923,552483.6923076923,36.46153846153846,0.0,0.23076923076923078,5714.7692307692305,ME
18.0,148.84615384615384,30.153846153846153,647628.3076923077,121.3076923076923,0.0,0.5384615384615384,7882.846153846154,ME
1.0,15.153846153846153,8.076923076923077,13633.23076923077,1.3076923076923077,0.0,0.16666666666666666,283.0833333333333,MT
2.0,16.0,4.666666666666667,21638.666666666668,0.8333333333333334,0.0,0.0,555.1666666666666,MT
3.0,16.0,3.5,26676.666666666668,1.5,0.0,0.0,849.6666666666666,MT
4.0,16.166666666666668,2.8333333333333335,32655.0,0.16666666666666666,0.0,0.16666666666666666,684.6666666666666,MT
5.0,17.0,1.6666666666666667,39545.5,7.0,0.0,0.0,1094.8333333333333,MT
6.0,17.833333333333332,2.0,48239.666666666664,4.833333333333333,0.0,0.16666666666666666,1622.6666666666667,MT
7.0,18.5,7.0,59037.333333333336,8.833333333333334,0.0,0.16666666666666666,1493.5,MT
8.0,20.333333333333332,12.0,70067.83333333333,18.833333333333332,0.0,0.16666666666666666,1401.3333333333333,MT
9.0,21.833333333333332,12.333333333333334,83636.33333333333,33.5,0.0,0.16666666666666666,2632.5,MT
10.0,22.833333333333332,18.833333333333332,99993.5,51.833333333333336,0.0,0.16666666666666666,1999.5,MT
11.0,29.5,25.333333333333332,114842.33333333333,96.83333333333333,0.0,1.8333333333333333,2495.8333333333335,MT
12.0,37.5,45.333333333333336,133887.66666666666,102.66666666666667,0.0,1.0,2874.0,MT
13.0,95.23076923076923,116.3076923076923,229033.76923076922,121.15384615384616,0.0,1.5384615384615385,3440.4615384615386,MT
14.0,122.0,152.53846153846155,268645.0,122.92307692307692,0.0,2.5384615384615383,2582.6153846153848,MT
15.0,160.30769230769232,122.3076923076923,313597.0,243.76923076923077,0.0,2.6153846153846154,3679.076923076923,MT
16.0,194.53846153846155,226.3846153846154,371082.46153846156,492.38461538461536,0.0,2.6923076923076925,4656.307692307692,MT
17.0,261.0,336.9230769230769,444178.92307692306,683.8461538461538,0.0,6.615384615384615,5128.7692307692305,MT
18.0,396.15384615384613,404.3076923076923,510797.53846153844,823.6153846153846,0.0,11.692307692307692,4583.923076923077,MT
1.0,40.23076923076923,87.84615384615384,26801.846153846152,23.0,0.0,1.75,4488.0,WV
2.0,53.333333333333336,57.0,61522.666666666664,20.5,0.0,1.1666666666666667,1547.5,WV
3.0,64.66666666666667,52.333333333333336,73472.5,18.5,0.0,1.6666666666666667,2205.3333333333335,WV
4.0,71.83333333333333,37.666666666666664,85257.33333333333,51.5,0.0,0.8333333333333334,1195.0,WV
5.0,75.0,32.666666666666664,96542.16666666667,29.0,0.0,0.5,2306.1666666666665,WV
6.0,83.0,26.333333333333332,111350.66666666667,16.333333333333332,0.0,1.0,2123.6666666666665,WV
7.0,87.16666666666667,29.166666666666668,129014.0,25.5,0.0,0.5,2879.1666666666665,WV
8.0,89.0,22.333333333333332,149073.66666666666,34.333333333333336,0.0,0.6666666666666666,2158.3333333333335,WV
9.0,92.66666666666667,29.5,165451.66666666666,46.0,0.0,0.16666666666666666,2450.5,WV
10.0,94.0,30.333333333333332,183914.83333333334,88.16666666666667,0.0,0.3333333333333333,2748.1666666666665,WV
11.0,95.66666666666667,56.666666666666664,205134.66666666666,116.66666666666667,0.0,0.3333333333333333,3347.3333333333335,WV
12.0,100.0,73.0,228797.66666666666,107.0,0.0,0.6666666666666666,3735.8333333333335,WV
13.0,188.6153846153846,140.69230769230768,404318.53846153844,116.84615384615384,0.0,3.8461538461538463,5408.615384615385,WV
14.0,252.0,148.07692307692307,463313.76923076925,177.92307692307693,0.0,4.076923076923077,3804.5384615384614,WV
15.0,315.7692307692308,168.23076923076923,522454.3846153846,195.07692307692307,0.0,4.384615384615385,4807.846153846154,WV
16.0,366.3076923076923,169.0,599896.0,199.15384615384616,0.0,3.076923076923077,6227.076923076923,WV
17.0,408.2307692307692,190.46153846153845,690794.4615384615,282.15384615384613,0.0,2.8461538461538463,6996.0,WV
18.0,472.61538461538464,261.53846153846155,800404.2307692308,469.15384615384613,0.0,7.538461538461538,8623.0,WV
1.0,327.2307692307692,336.2307692307692,7429.615384615385,547.5384615384615,0.0,21.25,550.5,MN
2.0,563.8333333333334,461.0,13610.5,588.8333333333334,0.0,21.5,588.8333333333334,MN
3.0,715.3333333333334,501.5,18079.666666666668,678.3333333333334,0.0,19.833333333333332,678.3333333333334,MN
4.0,867.6666666666666,566.0,22945.666666666668,616.5,0.0,20.333333333333332,616.5,MN
5.0,1035.1666666666667,571.3333333333334,26391.333333333332,398.0,0.0,23.333333333333332,398.0,MN
6.0,1183.1666666666667,470.0,29020.166666666668,329.5,0.0,21.833333333333332,329.5,MN
7.0,1317.8333333333333,380.5,30565.333333333332,113.83333333333333,0.0,12.833333333333334,113.83333333333333,MN
8.0,1404.3333333333333,333.5,32631.5,362.1666666666667,0.0,11.333333333333334,362.1666666666667,MN
9.0,1457.5,301.1666666666667,35247.5,423.3333333333333,0.0,7.333333333333333,423.3333333333333,MN
10.0,1505.6666666666667,265.3333333333333,38049.333333333336,402.8333333333333,0.0,5.333333333333333,402.8333333333333,MN
11.0,1538.0,242.16666666666666,41787.333333333336,596.8333333333334,0.0,4.166666666666667,596.8333333333334,MN
12.0,1578.5,256.1666666666667,45933.0,619.1666666666666,0.0,5.0,619.1666666666666,MN
13.0,1829.6923076923076,308.38461538461536,1075380.4615384615,754.0769230769231,9593.615384615385,7.615384615384615,9593.615384615385,MN
14.0,1924.3846153846155,264.0,1197278.6923076923,661.0769230769231,8494.846153846154,7.846153846153846,8494.846153846154,MN
15.0,2028.5384615384614,284.53846153846155,1321771.6923076923,945.1538461538462,11538.307692307691,6.769230769230769,11538.307692307691,MN
16.0,2146.230769230769,403.3636363636364,1503216.2307692308,1153.2307692307693,14090.307692307691,9.615384615384615,14090.307692307691,MN
17.0,2265.6153846153848,540.0769230769231,1698675.8461538462,1599.8461538461538,14082.461538461539,11.461538461538462,14082.461538461539,MN
18.0,2522.3076923076924,878.7692307692307,1907463.5384615385,3634.769230769231,17358.69230769231,23.615384615384617,17358.69230769231,MN
1.0,15.384615384615385,67.23076923076923,16862.53846153846,66.38461538461539,428.9230769230769,1.25,413.0833333333333,SD
2.0,33.833333333333336,75.66666666666667,23004.666666666668,147.33333333333334,963.5,1.6666666666666667,963.5,SD
3.0,44.166666666666664,78.16666666666667,28229.333333333332,58.833333333333336,644.1666666666666,1.1666666666666667,644.1666666666666,SD
4.0,49.666666666666664,92.33333333333333,34066.5,79.33333333333333,1108.1666666666667,0.6666666666666666,1108.1666666666667,SD
5.0,60.166666666666664,92.5,43213.5,59.5,1473.3333333333333,1.3333333333333333,1473.3333333333333,SD
6.0,65.33333333333333,88.5,55913.5,60.166666666666664,1749.5,1.0,1749.5,SD
7.0,74.83333333333333,88.5,64696.333333333336,60.333333333333336,1086.1666666666667,1.3333333333333333,1086.1666666666667,SD
8.0,80.83333333333333,90.16666666666667,72300.33333333333,50.5,833.0,0.8333333333333334,833.0,SD
9.0,89.83333333333333,73.0,78234.5,57.5,835.1666666666666,1.1666666666666667,835.1666666666666,SD
10.0,97.16666666666667,59.666666666666664,83739.16666666667,56.166666666666664,737.0,0.8333333333333334,737.0,SD
11.0,107.33333333333333,61.5,89934.66666666667,55.0,989.6666666666666,1.8333333333333333,989.6666666666666,SD
12.0,116.83333333333333,63.666666666666664,97307.0,61.166666666666664,1050.3333333333333,1.1666666666666667,1050.3333333333333,SD
13.0,161.84615384615384,65.38461538461539,180324.3076923077,235.84615384615384,1270.4615384615386,1.0,2009.8461538461538,SD
14.0,175.23076923076923,87.76923076923077,210267.46153846153,234.76923076923077,1349.5384615384614,1.3076923076923077,2277.5384615384614,SD
15.0,205.46153846153845,177.0,248499.0,364.9230769230769,1711.3846153846155,2.6153846153846154,2939.076923076923,SD
16.0,258.0769230769231,247.6153846153846,302948.0,532.9230769230769,2315.230769230769,5.0,5314.692307692308,SD
17.0,334.2307692307692,328.38461538461536,374965.46153846156,800.1538461538462,2053.230769230769,6.6923076923076925,5132.076923076923,SD
18.0,461.2307692307692,463.38461538461536,447328.53846153844,1198.5384615384614,2279.846153846154,12.461538461538462,5403.923076923077,SD
1.0,311.61538461538464,830.3076923076923,81978.61538461539,213.76923076923077,0.0,13.25,3016.3333333333335,MO
2.0,472.1666666666667,839.8333333333334,118403.33333333333,150.66666666666666,0.0,21.333333333333332,3425.6666666666665,MO
3.0,590.3333333333334,741.5,145781.83333333334,156.33333333333334,5469.0,12.333333333333334,4112.0,MO
4.0,676.6666666666666,686.8333333333334,173197.0,176.5,-311.8333333333333,9.166666666666666,3611.0,MO
5.0,757.3333333333334,680.1666666666666,191785.0,180.5,6642.833333333333,14.5,3585.1666666666665,MO
6.0,810.3333333333334,622.0,259049.33333333334,191.0,5762.833333333333,9.0,9852.333333333334,MO
7.0,875.3333333333334,584.6666666666666,275152.8333333333,204.5,5527.0,5.666666666666667,2426.5,MO
8.0,954.5,494.5,321647.0,253.0,5430.5,8.666666666666666,16303.166666666666,MO
9.0,996.3333333333334,572.6666666666666,410453.0,447.1666666666667,7663.833333333333,6.666666666666667,16198.333333333334,MO
10.0,1028.8333333333333,721.1666666666666,460847.6666666667,450.3333333333333,7601.333333333333,4.166666666666667,19196.833333333332,MO
11.0,1069.3333333333333,867.6666666666666,598267.1666666666,603.6666666666666,10460.5,7.833333333333333,14312.333333333334,MO
12.0,1128.0,875.0,702409.8333333334,841.3333333333334,10395.5,6.833333333333333,15376.666666666666,MO
13.0,1451.076923076923,927.2307692307693,1226916.923076923,1175.3846153846155,8882.615384615385,9.846153846153847,11037.692307692309,MO
14.0,1650.3076923076924,950.8461538461538,1396445.6923076923,1409.5384615384614,11843.307692307691,13.538461538461538,14637.076923076924,MO
15.0,1893.6923076923076,1040.2307692307693,1626091.3076923077,1483.8461538461538,11323.538461538461,25.53846153846154,23291.923076923078,MO
16.0,2250.923076923077,1246.6923076923076,1956659.6153846155,1497.5384615384614,11131.461538461539,25.846153846153847,19192.30769230769,MO
17.0,2622.3076923076924,1376.0,2311568.6923076925,2060.923076923077,1406.3076923076924,29.846153846153847,26531.69230769231,MO
18.0,3047.6923076923076,1702.0,2576079.6923076925,3055.6923076923076,10266.923076923076,24.23076923076923,17759.69230769231,MO
1.0,311.15384615384613,707.0,71447.53846153847,295.84615384615387,2435.3076923076924,12.166666666666666,2463.5833333333335,AZ
2.0,523.1666666666666,738.3333333333334,108842.0,338.1666666666667,5184.166666666667,22.666666666666668,5184.166666666667,AZ
3.0,670.6666666666666,798.0,148822.0,398.3333333333333,5636.833333333333,18.333333333333332,5636.833333333333,AZ
4.0,791.6666666666666,807.8333333333334,181703.83333333334,314.3333333333333,4216.0,10.0,4216.0,AZ
5.0,901.5,966.8333333333334,220147.16666666666,664.6666666666666,6927.833333333333,18.333333333333332,6927.833333333333,AZ
6.0,1035.1666666666667,1225.3333333333333,274696.8333333333,1010.5,8114.666666666667,14.833333333333334,8114.666666666667,AZ
7.0,1175.5,1408.5,332470.3333333333,1540.8333333333333,9050.666666666666,20.666666666666668,9050.666666666666,AZ
8.0,1331.0,1917.8333333333333,410843.3333333333,2875.8333333333335,12382.0,24.166666666666668,12382.0,AZ
9.0,1568.6666666666667,2557.5,498313.8333333333,3206.8333333333335,13853.666666666666,28.166666666666668,13853.666666666666,AZ
10.0,1816.0,3135.6666666666665,596140.8333333334,3500.3333333333335,13187.666666666666,34.5,13187.666666666666,AZ
11.0,2181.6666666666665,3446.0,687099.3333333334,3247.1666666666665,13450.666666666666,62.333333333333336,13450.666666666666,AZ
12.0,2711.3333333333335,3236.5,778634.1666666666,2888.1666666666665,12080.333333333334,80.66666666666667,12080.333333333334,AZ
13.0,4843.461538461538,940.6153846153846,1159476.5384615385,531.9230769230769,7708.076923076923,38.46153846153846,7708.076923076923,AZ
14.0,5231.153846153846,644.0769230769231,1261723.4615384615,491.0,7185.2307692307695,21.384615384615383,7185.2307692307695,AZ
15.0,5514.538461538462,521.2307692307693,1395189.076923077,638.5384615384615,10645.923076923076,21.46153846153846,10645.923076923076,AZ
16.0,5719.0,634.2307692307693,1515049.0,605.0769230769231,9282.461538461539,9.76923076923077,9282.461538461539,AZ
17.0,5837.0,779.3846153846154,1650819.076923077,940.7692307692307,10280.76923076923,8.307692307692308,10280.76923076923,AZ
18.0,6034.538461538462,1006.6153846153846,1806563.7692307692,1505.923076923077,12196.923076923076,21.0,12196.923076923076,AZ
1.0,1160.6153846153845,1566.5384615384614,115390.61538461539,949.3846153846154,0.0,53.75,4399.5,MD
2.0,1712.6666666666667,1628.1666666666667,168199.33333333334,983.0,0.0,52.333333333333336,6079.666666666667,MD
3.0,2057.0,1477.0,212078.5,1122.3333333333333,6525.833333333333,47.166666666666664,6615.166666666667,MD
4.0,2323.0,1317.8333333333333,264576.8333333333,894.0,6526.166666666667,36.5,8076.166666666667,MD
5.0,2578.0,1229.0,337250.1666666667,958.6666666666666,8960.0,31.333333333333332,10981.333333333334,MD
6.0,2741.0,1030.5,414616.8333333333,653.6666666666666,8409.5,24.166666666666668,10449.0,MD
7.0,2928.1666666666665,795.8333333333334,481794.1666666667,490.6666666666667,7430.5,23.0,9885.5,MD
8.0,3055.0,620.5,553712.3333333334,339.6666666666667,7032.0,16.0,9368.166666666666,MD
9.0,3160.1666666666665,470.1666666666667,622521.0,370.3333333333333,7566.333333333333,13.666666666666666,10124.5,MD
10.0,3237.6666666666665,414.8333333333333,701685.8333333334,413.0,8629.0,10.166666666666666,12011.666666666666,MD
11.0,3313.1666666666665,395.6666666666667,791708.8333333334,566.5,10493.5,9.833333333333334,14694.666666666666,MD
12.0,3372.5,452.3333333333333,922158.6666666666,754.8333333333334,14046.5,10.166666666666666,20553.166666666668,MD
13.0,3708.3846153846152,417.61538461538464,1807813.6923076923,539.5384615384615,12580.615384615385,8.076923076923077,21318.846153846152,MD
14.0,3809.230769230769,363.38461538461536,2098327.769230769,598.6923076923077,9688.153846153846,6.0,21088.76923076923,MD
15.0,3895.6923076923076,328.15384615384613,2425584.846153846,510.38461538461536,10024.384615384615,6.846153846153846,25226.23076923077,MD
16.0,3971.5384615384614,359.53846153846155,2758817.4615384615,580.7692307692307,10163.461538461539,4.384615384615385,25194.615384615383,MD
17.0,4056.769230769231,441.0769230769231,3123704.5384615385,653.9230769230769,10543.23076923077,6.6923076923076925,27155.615384615383,MD
18.0,4167.461538461538,572.0,3504547.846153846,1048.4615384615386,10734.692307692309,8.692307692307692,28228.153846153848,MD
1.0,251.23076923076923,452.61538461538464,81094.23076923077,216.92307692307693,0.0,9.666666666666666,4510.416666666667,AL
2.0,389.1666666666667,471.8333333333333,125144.0,288.1666666666667,0.0,14.833333333333334,3950.3333333333335,AL
3.0,484.8333333333333,494.6666666666667,151161.33333333334,293.1666666666667,0.0,9.166666666666666,4058.0,AL
4.0,550.0,512.8333333333334,183509.33333333334,442.0,0.0,9.666666666666666,4884.833333333333,AL
5.0,623.5,563.6666666666666,214984.83333333334,466.5,0.0,11.666666666666666,4668.0,AL
6.0,692.8333333333334,565.8333333333334,250936.66666666666,428.5,0.0,12.666666666666666,6015.166666666667,AL
7.0,771.5,622.3333333333334,293623.3333333333,820.5,0.0,6.833333333333333,5390.333333333333,AL
8.0,835.6666666666666,654.1666666666666,339780.5,630.8333333333334,0.0,12.333333333333334,7214.333333333333,AL
9.0,920.0,694.6666666666666,385939.0,996.8333333333334,0.0,9.833333333333334,7970.666666666667,AL
10.0,1007.5,920.1666666666666,442625.1666666667,1137.1666666666667,0.0,10.166666666666666,7901.5,AL
11.0,1115.8333333333333,1214.8333333333333,503108.3333333333,1715.5,0.0,17.666666666666668,10086.833333333334,AL
12.0,1277.0,1489.1666666666667,576974.6666666666,1881.8333333333333,0.0,15.333333333333334,9815.166666666666,AL
13.0,2055.153846153846,1074.3846153846155,929774.2307692308,1207.4615384615386,0.0,18.923076923076923,8666.76923076923,AL
14.0,2291.923076923077,837.1538461538462,982443.4615384615,911.0,0.0,11.923076923076923,4996.384615384615,AL
15.0,2459.923076923077,751.0769230769231,1069551.8461538462,986.3846153846154,0.0,8.76923076923077,7440.2307692307695,AL
16.0,2598.230769230769,780.3846153846154,1174324.0,963.2307692307693,0.0,11.384615384615385,7299.846153846154,AL
17.0,2809.4615384615386,870.1538461538462,1267697.076923077,1394.5384615384614,0.0,15.461538461538462,6652.846153846154,AL
18.0,2999.076923076923,1018.2307692307693,1365060.5384615385,1416.923076923077,0.0,14.76923076923077,7226.307692307692,AL
1.0,754.6923076923077,955.9230769230769,70114.15384615384,498.9230769230769,2717.769230769231,29.25,2804.3333333333335,CO
2.0,973.0,733.3333333333334,101631.83333333333,387.8333333333333,3295.8333333333335,14.666666666666666,3295.8333333333335,CO
3.0,935.6666666666666,651.3333333333334,124417.16666666667,334.5,3222.0,-15.666666666666666,3222.0,CO
4.0,1088.0,546.6666666666666,148562.5,294.6666666666667,3570.8333333333335,18.833333333333332,3570.8333333333335,CO
5.0,1187.3333333333333,415.8333333333333,180134.66666666666,336.8333333333333,4984.0,15.5,4984.0,CO
6.0,1280.1666666666667,308.0,212493.83333333334,214.5,4806.166666666667,9.666666666666666,4806.166666666667,CO
7.0,1354.8333333333333,276.1666666666667,243546.5,157.16666666666666,4376.5,7.5,4376.5,CO
8.0,1432.8333333333333,253.0,277281.3333333333,203.33333333333334,4755.5,8.833333333333334,4755.5,CO
9.0,1491.5,241.66666666666666,312962.8333333333,260.0,5224.666666666667,10.5,5224.666666666667,CO
10.0,1528.0,295.1666666666667,350120.5,272.5,5297.666666666667,3.6666666666666665,5297.666666666667,CO
11.0,1587.0,340.0,391898.5,428.3333333333333,6540.5,8.333333333333334,6540.5,CO
12.0,1619.6666666666667,393.8333333333333,437237.0,484.0,6850.5,7.0,6850.5,CO
13.0,1827.5384615384614,237.84615384615384,678700.0,291.7692307692308,5436.384615384615,4.6923076923076925,5436.384615384615,CO
14.0,1875.2307692307693,228.46153846153845,752760.9230769231,301.84615384615387,5539.2307692307695,3.1538461538461537,5539.2307692307695,CO
15.0,1924.6923076923076,242.92307692307693,844314.8461538461,568.5384615384615,7965.923076923077,3.076923076923077,7965.923076923077,CO
16.0,1982.3846153846155,333.84615384615387,968131.5384615385,693.2307692307693,9313.384615384615,3.5384615384615383,9313.384615384615,CO
17.0,2056.6923076923076,501.38461538461536,1098734.923076923,1324.2307692307693,10475.384615384615,5.615384615384615,10475.384615384615,CO
18.0,2134.769230769231,925.0,1263499.2307692308,2754.153846153846,13419.307692307691,7.461538461538462,13419.307692307691,CO
1.0,60.38461538461539,98.53846153846153,44836.230769230766,93.84615384615384,0.0,3.1666666666666665,1920.4166666666667,AR
2.0,90.0,64.5,65753.16666666667,99.33333333333333,0.0,1.6666666666666667,1906.8333333333333,AR
3.0,98.83333333333333,69.0,83824.5,126.5,0.0,1.1666666666666667,3414.3333333333335,AR
4.0,114.66666666666667,88.33333333333333,106199.16666666667,196.16666666666666,0.0,2.0,2560.6666666666665,AR
5.0,129.5,110.5,126815.5,194.33333333333334,0.0,2.1666666666666665,2956.1666666666665,AR
6.0,153.0,154.66666666666666,157697.16666666666,335.5,0.0,3.1666666666666665,4673.333333333333,AR
7.0,177.66666666666666,202.83333333333334,192035.33333333334,470.5,0.0,2.8333333333333335,4845.833333333333,AR
8.0,222.33333333333334,233.16666666666666,244750.83333333334,512.0,0.0,6.666666666666667,7298.833333333333,AR
9.0,253.83333333333334,286.6666666666667,290614.3333333333,567.0,0.0,5.0,6556.166666666667,AR
10.0,286.0,305.5,337989.1666666667,552.5,0.0,2.5,5923.0,AR
11.0,318.3333333333333,415.6666666666667,375546.6666666667,870.1666666666666,0.0,5.0,6038.833333333333,AR
12.0,355.8333333333333,468.3333333333333,418603.3333333333,726.3333333333334,0.0,6.5,7403.833333333333,AR
13.0,714.0769230769231,453.84615384615387,680250.2307692308,595.1538461538462,0.0,13.692307692307692,7260.2307692307695,AR
14.0,918.3846153846154,399.15384615384613,780895.0,702.3076923076923,0.0,13.692307692307692,7389.538461538462,AR
15.0,1224.5384615384614,431.0,902250.6923076923,822.4615384615385,0.0,24.53846153846154,9754.923076923076,AR
16.0,1466.5384615384614,522.0769230769231,1091579.4615384615,825.5384615384615,0.0,18.153846153846153,11320.076923076924,AR
17.0,1732.3846153846155,601.3846153846154,1235772.6153846155,966.1538461538462,0.0,17.076923076923077,10167.692307692309,AR
18.0,1991.3076923076924,653.8461538461538,1374143.8461538462,1164.0,0.0,19.307692307692307,10244.615384615385,AR
2.0,66.0,175.33333333333334,158915.0,139.5,3370.1666666666665,2.5,3923.5,UT
3.0,79.66666666666667,154.5,186035.66666666666,149.66666666666666,3217.8333333333335,2.1666666666666665,3942.5,UT
4.0,96.33333333333333,148.33333333333334,214155.0,151.66666666666666,2875.8333333333335,1.8333333333333333,3605.6666666666665,UT
5.0,110.66666666666667,146.33333333333334,241103.16666666666,249.33333333333334,3570.5,1.3333333333333333,4501.333333333333,UT
6.0,121.66666666666667,177.16666666666666,274029.6666666667,343.6666666666667,3902.3333333333335,1.6666666666666667,4946.833333333333,UT
7.0,139.33333333333334,209.0,311609.1666666667,345.5,4172.833333333333,2.8333333333333335,5318.166666666667,UT
8.0,156.83333333333334,230.83333333333334,349876.1666666667,492.6666666666667,4700.166666666667,2.3333333333333335,5756.0,UT
9.0,167.33333333333334,258.0,394774.8333333333,572.1666666666666,5809.666666666667,1.5,7055.166666666667,UT
10.0,184.33333333333334,240.83333333333334,443692.5,552.8333333333334,5263.333333333333,3.5,6579.0,UT
11.0,213.5,244.0,493725.1666666667,620.5,6380.166666666667,4.166666666666667,8033.5,UT
12.0,242.16666666666666,250.83333333333334,551998.1666666666,686.8333333333334,6139.333333333333,3.0,7969.0,UT
13.0,394.61538461538464,143.69230769230768,788810.2307692308,380.7692307692308,4067.769230769231,2.923076923076923,5849.7692307692305,UT
14.0,424.7692307692308,155.3846153846154,871188.3846153846,464.2307692307692,3960.846153846154,2.076923076923077,6040.923076923077,UT
15.0,443.46153846153845,179.92307692307693,979372.6923076923,957.0769230769231,6559.461538461538,1.3076923076923077,9359.76923076923,UT
16.0,489.7692307692308,245.23076923076923,1121268.7692307692,1130.4615384615386,6672.153846153846,5.0,10830.692307692309,UT
17.0,551.8461538461538,308.0769230769231,1272527.6153846155,1404.923076923077,7417.846153846154,4.0,10746.0,UT
18.0,624.8461538461538,382.38461538461536,1424964.0,2126.153846153846,8359.23076923077,6.384615384615385,12949.384615384615,UT
1.0,194.69230769230768,549.1538461538462,12226.714285714286,449.84615384615387,0.0,4.666666666666667,543.0,TN
2.0,246.5,545.5,14990.833333333334,362.1666666666667,0.0,4.333333333333333,362.1666666666667,TN
3.0,296.0,569.1666666666666,321950.8333333333,334.6666666666667,10366.5,5.333333333333333,10366.5,TN
4.0,329.0,545.6666666666666,380968.3333333333,405.5,8248.5,5.666666666666667,8248.5,TN
5.0,365.3333333333333,516.6666666666666,435268.0,511.5,8751.0,4.666666666666667,8751.0,TN
6.0,416.6666666666667,558.6666666666666,495852.0,458.8333333333333,8403.0,7.833333333333333,8403.0,TN
7.0,472.0,608.0,601390.0,628.1666666666666,-88105.83333333333,9.5,18356.166666666668,TN
8.0,524.5,638.3333333333334,680832.6666666666,693.3333333333334,0.0,7.5,10136.666666666666,TN
9.0,584.6666666666666,785.3333333333334,755850.0,1045.6666666666667,0.0,8.0,12456.833333333334,TN
10.0,642.3333333333334,974.6666666666666,883211.5,1366.5,0.0,9.333333333333334,17213.166666666668,TN
11.0,738.0,1171.5,1019208.0,1800.3333333333333,0.0,13.666666666666666,20130.0,TN
12.0,835.0,1397.6666666666667,1182379.8333333333,2147.1666666666665,0.0,14.666666666666666,23393.0,TN
13.0,1621.7692307692307,1056.076923076923,2073907.3846153845,1473.4615384615386,0.0,25.23076923076923,23495.46153846154,TN
14.0,1932.6153846153845,979.3846153846154,2356731.6153846155,1380.3846153846155,0.0,24.307692307692307,21058.30769230769,TN
15.0,2270.4615384615386,864.4615384615385,2689870.0,1423.1538461538462,0.0,20.153846153846153,25386.0,TN
16.0,2631.0,1049.6153846153845,3026787.923076923,1774.6923076923076,0.0,27.23076923076923,26818.46153846154,TN
17.0,2976.923076923077,1312.076923076923,3385498.6153846155,2387.4615384615386,0.0,28.153846153846153,26206.615384615383,TN
18.0,3439.0,1576.8461538461538,3729586.4615384615,2768.923076923077,0.0,31.0,25970.53846153846,TN
1.0,264.3076923076923,301.9230769230769,66569.30769230769,303.3076923076923,2168.923076923077,11.833333333333334,2882.3333333333335,RI
2.0,416.8333333333333,293.0,97538.5,228.0,1927.6666666666667,12.333333333333334,2849.5,RI
3.0,495.5,259.8333333333333,120274.16666666667,198.16666666666666,1880.6666666666667,11.666666666666666,3351.6666666666665,RI
4.0,597.0,239.16666666666666,141749.16666666666,131.0,1454.3333333333333,16.0,2701.0,RI
5.0,708.5,208.16666666666666,162166.33333333334,116.0,1450.6666666666667,12.833333333333334,3360.1666666666665,RI
6.0,779.8333333333334,170.16666666666666,185161.16666666666,75.33333333333333,1317.3333333333333,11.0,2916.6666666666665,RI
7.0,839.6666666666666,137.5,205931.0,62.833333333333336,1535.8333333333333,8.833333333333334,3166.8333333333335,RI
8.0,896.0,117.66666666666667,225327.33333333334,54.833333333333336,1204.6666666666667,5.0,2795.8333333333335,RI
9.0,932.8333333333334,87.16666666666667,245312.0,41.333333333333336,1173.0,6.333333333333333,2615.0,RI
10.0,961.3333333333334,61.0,264478.8333333333,38.0,1205.1666666666667,2.1666666666666665,2662.5,RI
11.0,978.5,62.333333333333336,282441.8333333333,64.0,1898.0,2.3333333333333335,3689.0,RI
12.0,991.5,62.5,307968.5,57.666666666666664,1514.8333333333333,1.5,3435.1666666666665,RI
13.0,1038.6153846153845,81.38461538461539,258849.92307692306,96.6923076923077,2902.6153846153848,1.8461538461538463,2902.6153846153848,RI
14.0,1062.8461538461538,77.46153846153847,294523.76923076925,86.76923076923077,2439.6153846153848,1.9230769230769231,2439.6153846153848,RI
15.0,1098.4615384615386,86.61538461538461,323664.53846153844,90.3076923076923,1972.5384615384614,2.4615384615384617,1972.5384615384614,RI
16.0,1124.6153846153845,105.38461538461539,358081.53846153844,175.0,3169.3846153846152,1.8461538461538463,3169.3846153846152,RI
17.0,1165.8461538461538,138.76923076923077,402585.6923076923,312.61538461538464,3015.230769230769,3.4615384615384617,3015.230769230769,RI
18.0,1213.6153846153845,174.53846153846155,445295.53846153844,504.9230769230769,3197.076923076923,3.4615384615384617,3197.076923076923,RI
1.0,2037.3846153846155,2718.3076923076924,215806.15384615384,1174.8461538461538,6071.2307692307695,132.58333333333334,5980.666666666667,PA
2.0,3660.6666666666665,2273.3333333333335,279945.8333333333,1024.3333333333333,6606.666666666667,116.66666666666667,6606.666666666667,PA
3.0,4418.333333333333,1892.8333333333333,330346.0,828.0,7805.166666666667,113.5,7805.166666666667,PA
4.0,5060.666666666667,1574.6666666666667,390363.6666666667,828.5,9485.666666666666,88.0,9485.666666666666,PA
5.0,5527.166666666667,1371.5,447637.6666666667,682.1666666666666,8786.666666666666,67.0,8786.666666666666,PA
6.0,5924.0,1150.3333333333333,511638.1666666667,505.6666666666667,10136.0,45.5,10136.0,PA
7.0,6203.333333333333,870.5,576867.0,336.1666666666667,9865.166666666666,35.666666666666664,9865.166666666666,PA
8.0,6415.333333333333,734.0,649965.1666666666,479.6666666666667,11033.0,24.166666666666668,11033.0,PA
9.0,6592.833333333333,655.5,727424.5,569.1666666666666,12114.0,21.833333333333332,12114.0,PA
10.0,6750.166666666667,607.5,816995.5,676.1666666666666,12196.833333333334,23.0,12196.833333333334,PA
11.0,6895.166666666667,660.1666666666666,912966.3333333334,753.8333333333334,13437.5,19.833333333333332,13437.5,PA
12.0,7007.166666666667,696.0,1016950.0,850.0,14502.666666666666,13.5,14502.666666666666,PA
13.0,7606.7692307692305,521.0,1574987.5384615385,649.6923076923077,13720.692307692309,13.384615384615385,13720.692307692309,PA
14.0,7790.923076923077,496.7692307692308,2339257.3076923075,789.8461538461538,11886.23076923077,13.692307692307692,69721.15384615384,PA
15.0,8019.384615384615,450.0,2783979.3076923075,816.3076923076923,13092.384615384615,17.846153846153847,27063.30769230769,PA
16.0,8254.461538461539,638.6153846153846,3179419.923076923,1191.5384615384614,14780.384615384615,18.846153846153847,31220.384615384617,PA
17.0,8543.307692307691,943.0,3648204.153846154,1619.1538461538462,15404.615384615385,22.23076923076923,33964.38461538462,PA
18.0,8879.384615384615,1456.923076923077,4171403.076923077,2757.6923076923076,17932.384615384617,25.23076923076923,42475.61538461538,PA
2.0,93.66666666666667,192.0,49367.166666666664,355.6666666666667,1970.8333333333333,3.0,2367.5,NE
6.0,187.16666666666666,181.83333333333334,140456.83333333334,190.16666666666666,2121.8333333333335,1.1666666666666667,2869.8333333333335,NE
7.0,212.5,162.0,162405.5,161.33333333333334,2393.5,4.833333333333333,3327.3333333333335,NE
8.0,242.5,143.66666666666666,185484.16666666666,154.33333333333334,2710.1666666666665,3.0,3325.3333333333335,NE
9.0,264.3333333333333,123.83333333333333,210270.0,158.33333333333334,2812.3333333333335,2.1666666666666665,4132.166666666667,NE
10.0,282.1666666666667,111.33333333333333,234920.0,144.83333333333334,2078.8333333333335,1.5,2819.6666666666665,NE
11.0,285.0,97.66666666666667,260123.16666666666,199.66666666666666,3533.3333333333335,1.0,4592.0,NE
12.0,299.8333333333333,108.83333333333333,291516.5,188.33333333333334,3116.0,3.3333333333333335,3913.5,NE
13.0,381.61538461538464,158.53846153846155,450103.46153846156,267.9230769230769,2776.6153846153848,2.3076923076923075,4157.153846153846,NE
14.0,413.61538461538464,171.53846153846155,508414.76923076925,311.38461538461536,3148.3846153846152,2.8461538461538463,4557.307692307692,NE
15.0,452.84615384615387,196.0,576530.0769230769,417.0,3184.3076923076924,2.6923076923076925,4966.384615384615,NE
16.0,502.15384615384613,263.0769230769231,670610.9230769231,600.3076923076923,4568.2307692307695,3.6153846153846154,9026.307692307691,NE
17.0,561.4615384615385,367.6923076923077,813067.3076923077,842.9230769230769,4180.538461538462,5.6923076923076925,10682.538461538461,NE
18.0,661.7692307692307,637.7692307692307,967051.9230769231,1497.6923076923076,4414.076923076923,7.6923076923076925,12082.923076923076,NE
1.0,1911.923076923077,4833.615384615385,611649.3846153846,1601.2307692307693,0.0,70.66666666666667,24817.083333333332,CA
2.0,2688.1666666666665,4543.333333333333,935274.5,1761.1666666666667,0.0,72.5,37389.0,CA
3.0,3206.8333333333335,4440.5,1214152.3333333333,1775.6666666666667,0.0,66.66666666666667,45620.666666666664,CA
4.0,3710.5,4474.833333333333,1554408.1666666667,2112.6666666666665,0.0,63.0,52712.666666666664,CA
5.0,4157.833333333333,4356.666666666667,1923942.3333333333,2721.6666666666665,0.0,67.0,55782.833333333336,CA
6.0,4573.666666666667,4536.666666666667,2334847.8333333335,2633.6666666666665,0.0,56.0,59158.5,CA
7.0,5014.333333333333,4409.5,2765371.8333333335,2894.8333333333335,0.0,57.5,66159.5,CA
8.0,5444.0,4716.833333333333,3282085.8333333335,4343.0,0.0,62.0,83156.83333333333,CA
9.0,5873.0,5925.333333333333,3918792.0,6418.333333333333,0.0,58.0,95706.66666666667,CA
10.0,6309.166666666667,7142.333333333333,4618297.666666667,6939.166666666667,0.0,59.666666666666664,107032.33333333333,CA
11.0,6941.833333333333,7919.166666666667,5359297.5,7840.0,0.0,87.5,113130.0,CA
12.0,7591.5,8468.833333333334,6227488.333333333,8855.833333333334,0.0,88.0,123942.66666666667,CA
13.0,12298.461538461539,5575.615384615385,10735920.76923077,5493.692307692308,0.0,122.38461538461539,101866.61538461539,CA
14.0,13822.23076923077,4215.384615384615,12205356.76923077,3844.6923076923076,0.0,105.15384615384616,102730.23076923077,CA
15.0,15136.846153846154,3434.3076923076924,13729787.153846154,3480.769230769231,0.0,89.0,119744.76923076923,CA
16.0,16218.384615384615,3153.846153846154,15405413.615384616,3277.153846153846,0.0,71.6923076923077,121368.92307692308,CA
17.0,17040.076923076922,3035.846153846154,17150815.46153846,3738.769230769231,0.0,59.69230769230769,126854.76923076923,CA
18.0,17734.615384615383,3321.846153846154,19028994.307692308,5204.076923076923,0.0,44.38461538461539,137802.3076923077,CA
13.0,429.2307692307692,275.7692307692308,385032.53846153844,572.6923076923077,4537.461538461538,3.1538461538461537,4537.461538461538,KS
14.0,491.2307692307692,247.53846153846155,437036.92307692306,560.5384615384615,3471.6923076923076,6.769230769230769,3471.6923076923076,KS
15.0,610.3846153846154,290.0769230769231,486835.53846153844,671.5384615384615,4271.384615384615,7.923076923076923,4271.384615384615,KS
16.0,720.6153846153846,382.38461538461536,543839.0,710.2307692307693,4474.7692307692305,10.307692307692308,4474.7692307692305,KS
17.0,907.8461538461538,395.61538461538464,600749.5384615385,831.8461538461538,4142.307692307692,15.76923076923077,4142.307692307692,KS
18.0,1080.4615384615386,527.6153846153846,657788.3076923077,1913.6153846153845,4927.0,15.76923076923077,4927.0,KS
1.0,7.0,14.166666666666666,5541.076923076923,12.076923076923077,0.0,0.0,972.0,WY
2.0,7.0,11.0,13429.0,7.333333333333333,0.0,0.0,413.8333333333333,WY
3.0,7.833333333333333,8.0,16458.5,14.666666666666666,0.0,0.5,478.6666666666667,WY
4.0,12.0,10.333333333333334,19872.333333333332,10.5,0.0,0.3333333333333333,441.8333333333333,WY
5.0,16.0,11.5,24033.833333333332,8.666666666666666,0.0,0.6666666666666666,705.3333333333334,WY
6.0,17.0,5.166666666666667,28483.0,9.166666666666666,0.0,0.0,618.3333333333334,WY
7.0,18.0,5.5,32406.166666666668,18.166666666666668,0.0,0.0,565.8333333333334,WY
8.0,19.666666666666668,8.0,36521.333333333336,23.333333333333332,4746.166666666667,0.3333333333333333,576.8333333333334,WY
9.0,20.0,5.833333333333333,42512.0,34.166666666666664,580.6666666666666,0.0,859.3333333333334,WY
10.0,20.0,8.666666666666666,48558.5,32.833333333333336,681.1666666666666,0.0,1063.5,WY
11.0,21.166666666666668,13.166666666666666,54678.833333333336,35.166666666666664,349.3333333333333,0.16666666666666666,537.6666666666666,WY
12.0,24.166666666666668,16.0,60893.833333333336,42.166666666666664,178.5,0.5,280.8333333333333,WY
13.0,36.53846153846154,16.615384615384617,99318.0,36.84615384615385,1059.0,0.23076923076923078,1389.7692307692307,WY
14.0,42.15384615384615,13.76923076923077,118691.69230769231,40.46153846153846,950.3076923076923,0.38461538461538464,1915.076923076923,WY
15.0,49.23076923076923,19.384615384615383,147923.07692307694,101.23076923076923,783.8461538461538,0.3076923076923077,1825.6923076923076,WY
16.0,53.15384615384615,41.76923076923077,175953.92307692306,152.3846153846154,748.6153846153846,0.3076923076923077,2175.153846153846,WY
17.0,62.53846153846154,68.6923076923077,215684.23076923078,270.2307692307692,768.0769230769231,1.5384615384615385,2729.3076923076924,WY
18.0,96.38461538461539,131.69230769230768,267182.0,477.2307692307692,1527.3076923076924,2.8461538461538463,5763.923076923077,WY
4.0,428.6666666666667,429.0,162477.16666666666,226.66666666666666,-22510.5,7.833333333333333,7176.0,SC
5.0,489.1666666666667,410.0,203948.33333333334,298.6666666666667,0.0,5.833333333333333,7315.5,SC
6.0,546.5,480.6666666666667,245834.5,429.5,0.0,8.333333333333334,4337.166666666667,SC
7.0,598.1666666666666,526.1666666666666,252134.83333333334,705.1666666666666,0.0,5.333333333333333,1050.3333333333333,SC
8.0,648.1666666666666,701.0,299507.5,1009.5,0.0,9.333333333333334,7448.166666666667,SC
9.0,712.1666666666666,950.3333333333334,354808.5,1417.0,0.0,9.333333333333334,8973.166666666666,SC
10.0,813.8333333333334,1216.3333333333333,424387.1666666667,1572.1666666666667,0.0,13.333333333333334,9231.833333333334,SC
11.0,951.8333333333334,1462.8333333333333,490538.8333333333,1913.3333333333333,0.0,18.166666666666668,10601.833333333334,SC
12.0,1140.1666666666667,1590.5,569736.0,1848.6666666666667,0.0,37.166666666666664,12079.0,SC
13.0,2556.923076923077,1022.1538461538462,911652.3076923077,870.7692307692307,0.0,29.0,5423.538461538462,SC
14.0,2935.076923076923,819.0769230769231,1016264.9230769231,987.2307692307693,0.0,24.615384615384617,10259.76923076923,SC
15.0,3241.0,767.9230769230769,1169324.6923076923,998.8461538461538,0.0,18.384615384615383,15210.615384615385,SC
16.0,3478.230769230769,686.0,1396233.4615384615,801.6153846153846,0.0,15.384615384615385,15056.076923076924,SC
17.0,3701.3076923076924,740.3076923076923,1618139.3846153845,970.6153846153846,0.0,19.0,16932.0,SC
18.0,3963.076923076923,764.9230769230769,1848576.8461538462,1062.4615384615386,0.0,15.307692307692308,16919.846153846152,SC
1.0,1061.923076923077,1414.0,147956.53846153847,690.0769230769231,0.0,34.666666666666664,7445.25,GA
2.0,1403.3333333333333,1186.1666666666667,224588.66666666666,656.5,0.0,25.0,7656.666666666667,GA
3.0,1598.0,1019.1666666666666,297989.8333333333,564.8333333333334,0.0,26.5,11927.5,GA
4.0,1812.5,875.0,372559.0,680.5,0.0,30.666666666666668,10887.166666666666,GA
5.0,2026.1666666666667,860.6666666666666,448974.1666666667,631.0,0.0,32.5,10410.666666666666,GA
6.0,2194.6666666666665,803.5,526290.5,725.8333333333334,0.0,27.0,11468.166666666666,GA
7.0,2452.1666666666665,842.8333333333334,605336.5,849.6666666666666,0.0,33.333333333333336,10597.166666666666,GA
8.0,2643.6666666666665,969.6666666666666,691107.8333333334,1274.6666666666667,121876.83333333333,18.833333333333332,14500.666666666666,GA
9.0,2776.3333333333335,1258.5,796774.8333333334,1985.0,-123872.33333333333,17.833333333333332,15083.166666666666,GA
10.0,2866.5,1818.1666666666667,936112.6666666666,2705.5,0.0,12.0,21714.666666666668,GA
11.0,2995.3333333333335,2510.6666666666665,1084017.5,3345.5,0.0,22.0,22206.333333333332,GA
12.0,3167.8333333333335,3007.6666666666665,1253209.1666666667,3525.6666666666665,0.0,27.166666666666668,24344.333333333332,GA
13.0,5260.0,2412.0,2218288.0,2214.923076923077,0.0,64.46153846153847,21793.46153846154,GA
14.0,6097.923076923077,2254.3076923076924,2507368.3846153845,1741.5384615384614,0.0,47.69230769230769,18980.69230769231,GA
15.0,6707.846153846154,1929.0,2785316.3076923075,1419.076923076923,0.0,43.30769230769231,20723.69230769231,GA
16.0,7234.307692307692,1758.7692307692307,3050865.6153846155,1231.1538461538462,0.0,33.46153846153846,19791.0,GA
17.0,7672.076923076923,1690.4615384615386,3335045.5384615385,1429.0,0.0,28.692307692307693,21603.846153846152,GA
18.0,8297.846153846154,1788.076923076923,3624616.3076923075,1600.6923076923076,0.0,64.07692307692308,21154.076923076922,GA
1.0,884.6923076923077,1020.25,125109.76923076923,527.0769230769231,0.0,39.916666666666664,4691.0,OH
2.0,1340.3333333333333,1008.5,189110.83333333334,612.3333333333334,0.0,35.166666666666664,8219.166666666666,OH
3.0,1621.1666666666667,917.0,253989.0,538.5,0.0,39.5,10218.666666666666,OH
4.0,1937.0,883.6666666666666,317866.1666666667,595.0,0.0,36.833333333333336,8268.666666666666,OH
5.0,2166.1666666666665,781.3333333333334,383130.6666666667,485.1666666666667,0.0,35.666666666666664,9995.5,OH
6.0,2377.6666666666665,646.3333333333334,460302.3333333333,395.0,0.0,20.333333333333332,10677.0,OH
7.0,2546.5,529.6666666666666,538146.1666666666,405.8333333333333,0.0,23.333333333333332,11002.5,OH
8.0,2689.3333333333335,528.1666666666666,633313.3333333334,617.5,0.0,20.666666666666668,14272.166666666666,OH
9.0,2808.6666666666665,643.5,744017.8333333334,838.3333333333334,0.0,18.0,17279.166666666668,OH
10.0,2920.1666666666665,755.6666666666666,848841.1666666666,1006.5,0.0,15.666666666666666,17388.0,OH
11.0,3044.1666666666665,944.3333333333334,984965.3333333334,1302.3333333333333,0.0,13.0,21310.333333333332,OH
12.0,3154.8333333333335,1048.5,1143875.5,1317.3333333333333,0.0,24.0,22862.0,OH
13.0,4026.3846153846152,803.7692307692307,2042319.076923077,1018.0,0.0,20.53846153846154,28802.53846153846,OH
14.0,4312.692307692308,689.2307692307693,2445709.846153846,1067.2307692307693,0.0,19.53846153846154,27146.153846153848,OH
15.0,4660.846153846154,613.4615384615385,2885383.4615384615,947.4615384615385,0.0,18.46153846153846,34268.53846153846,OH
16.0,4938.615384615385,777.3076923076923,3415677.4615384615,1328.6153846153845,0.0,17.076923076923077,39948.53846153846,OH
17.0,5118.461538461538,1208.3846153846155,3967683.769230769,2200.3846153846152,0.0,15.384615384615385,41182.846153846156,OH
18.0,5389.923076923077,1928.4615384615386,4594104.0,4018.0,0.0,21.923076923076923,48716.46153846154,OH
